date,open,high,low,close,volume
21-Nov-25,"26,109.55","26,179.20","26,052.20","26,068.15","235,600"
20-Nov-25,"26,132.10","26,246.65","26,063.20","26,192.15","240,400"
19-Nov-25,"25,918.10","26,074.65","25,856.20","26,052.65","250,100"
18-Nov-25,"26,021.80","26,029.85","25,876.50","25,910.05","280,000"
17-Nov-25,"25,948.20","26,024.20","25,906.35","26,013.45","281,800"
14-Nov-25,"25,767.90","25,940.20","25,740.80","25,910.05","518,900"
13-Nov-25,"25,906.10","26,010.70","25,808.40","25,879.15","385,200"
12-Nov-25,"25,834.30","25,934.55","25,781.15","25,875.80","312,600"
11-Nov-25,"25,617.00","25,715.80","25,449.25","25,694.95","297,700"
10-Nov-25,"25,503.50","25,653.45","25,503.50","25,574.35","243,600"
7-Nov-25,"25,433.80","25,551.25","25,318.45","25,492.30","305,600"
6-Nov-25,"25,593.35","25,679.15","25,491.55","25,509.70","371,900"
4-Nov-25,"25,744.75","25,787.40","25,578.40","25,597.65","305,100"
3-Nov-25,"25,696.85","25,803.10","25,645.50","25,763.35","23,300"
31-Oct-25,"25,863.80","25,953.75","25,711.20","25,722.10","334,400"
30-Oct-25,"25,984.40","26,032.05","25,845.25","25,877.85","257,400"
29-Oct-25,"25,982.00","26,097.85","25,960.30","26,053.90","321,900"
28-Oct-25,"25,939.95","26,041.70","25,810.05","25,936.20","395,200"
27-Oct-25,"25,843.20","26,005.95","25,827.00","25,966.05","266,300"
24-Oct-25,"25,935.10","25,944.15","25,718.20","25,795.15","284,900"
23-Oct-25,"26,057.20","26,104.20","25,862.45","25,891.40","448,400"
21-Oct-25,"25,901.20","25,934.35","25,825.80","25,868.60","42,500"
20-Oct-25,"25,824.60","25,926.20","25,788.50","25,843.15","301,100"
17-Oct-25,"25,546.85","25,781.50","25,508.60","25,709.85","422,100"
16-Oct-25,"25,394.90","25,625.40","25,376.85","25,585.30","372,800"
15-Oct-25,"25,181.95","25,365.15","25,159.35","25,323.55","289,900"
14-Oct-25,"25,277.55","25,310.35","25,060.55","25,145.50","292,100"
13-Oct-25,"25,177.30","25,267.30","25,152.30","25,227.35","234,300"
10-Oct-25,"25,167.65","25,330.75","25,156.85","25,285.35","232,900"
9-Oct-25,"25,074.30","25,199.25","25,024.30","25,181.80","286,300"
8-Oct-25,"25,079.75","25,192.50","25,008.50","25,046.15","227,400"
7-Oct-25,"25,085.30","25,220.90","25,076.30","25,108.30","288,000"
6-Oct-25,"24,916.55","25,095.95","24,881.65","25,077.65","268,800"
3-Oct-25,"24,759.55","24,904.80","24,747.55","24,894.25","365,900"
1-Oct-25,"24,620.55","24,867.95","24,605.95","24,836.30","308,900"
30-Sep-25,"24,691.95","24,731.80","24,587.70","24,611.10","303,000"
29-Sep-25,"24,728.55","24,791.30","24,606.20","24,634.90","394,400"
26-Sep-25,"24,818.55","24,868.60","24,629.45","24,654.70","291,500"
25-Sep-25,"25,034.50","25,092.70","24,878.30","24,890.85","342,500"
24-Sep-25,"25,108.75","25,149.85","25,027.45","25,056.90","244,400"
23-Sep-25,"25,209.00","25,261.90","25,084.65","25,169.50","299,200"
22-Sep-25,"25,238.10","25,331.70","25,151.05","25,202.35","254,500"
19-Sep-25,"25,410.20","25,428.75","25,286.30","25,327.05","380,400"
18-Sep-25,"25,441.05","25,448.95","25,329.75","25,423.60","272,200"
17-Sep-25,"25,276.60","25,346.50","25,275.35","25,330.25","268,900"
16-Sep-25,"25,073.60","25,261.40","25,070.45","25,239.10","240,100"
15-Sep-25,"25,118.90","25,138.45","25,048.75","25,069.20","185,400"
12-Sep-25,"25,074.45","25,139.45","25,038.05","25,114.00","225,700"
11-Sep-25,"24,945.50","25,037.30","24,940.15","25,005.50","224,600"
10-Sep-25,"24,991.00","25,035.70","24,915.05","24,973.10","244,100"
9-Sep-25,"24,864.10","24,891.80","24,814.00","24,868.60","226,900"
8-Sep-25,"24,802.60","24,885.50","24,751.55","24,773.15","213,200"
5-Sep-25,"24,818.85","24,832.35","24,621.60","24,741.00","210,100"
4-Sep-25,"24,980.75","24,980.75","24,708.20","24,734.30","314,100"
3-Sep-25,"24,616.50","24,737.05","24,533.20","24,715.05","340,300"
2-Sep-25,"24,653.00","24,756.10","24,522.35","24,579.60","271,600"
1-Sep-25,"24,432.70","24,635.60","24,432.70","24,625.05","229,300"
29-Aug-25,"24,466.70","24,572.45","24,404.70","24,426.85","325,500"
28-Aug-25,"24,695.80","24,702.65","24,481.60","24,500.90","326,600"
26-Aug-25,"24,899.50","24,919.65","24,689.60","24,712.05","750,500"
25-Aug-25,"24,949.15","25,021.55","24,894.35","24,967.75","213,000"
22-Aug-25,"25,064.15","25,084.85","24,859.15","24,870.10","210,200"
21-Aug-25,"25,142.00","25,153.65","25,054.90","25,083.75","226,500"
20-Aug-25,"24,965.80","25,088.70","24,929.70","25,050.55","287,100"
19-Aug-25,"24,891.35","25,012.65","24,873.95","24,980.65","252,300"
18-Aug-25,"24,938.20","25,022.00","24,852.85","24,876.95","363,100"
14-Aug-25,"24,607.25","24,673.65","24,596.90","24,631.30","270,200"
13-Aug-25,"24,586.20","24,664.55","24,535.25","24,619.35","236,000"
12-Aug-25,"24,563.35","24,702.60","24,465.65","24,487.40","237,000"
11-Aug-25,"24,371.50","24,600.85","24,347.45","24,585.05","241,100"
8-Aug-25,"24,544.25","24,585.50","24,337.50","24,363.30","312,600"
7-Aug-25,"24,464.20","24,634.20","24,344.15","24,596.15","616,700"
6-Aug-25,"24,641.35","24,671.40","24,539.20","24,574.20","225,100"
5-Aug-25,"24,720.25","24,733.10","24,590.30","24,649.55","251,800"
4-Aug-25,"24,596.05","24,736.25","24,554.00","24,722.75","259,300"
1-Aug-25,"24,734.90","24,784.15","24,535.05","24,565.35","263,400"
31-Jul-25,"24,642.25","24,956.50","24,635.00","24,768.35","346,300"
30-Jul-25,"24,890.40","24,902.30","24,771.95","24,855.05","243,900"
29-Jul-25,"24,609.65","24,847.15","24,598.60","24,821.10","284,700"
28-Jul-25,"24,782.45","24,889.20","24,646.60","24,680.90","262,100"
25-Jul-25,"25,010.35","25,010.35","24,806.35","24,837.00","278,100"
24-Jul-25,"25,243.30","25,246.25","25,018.70","25,062.10","338,700"
23-Jul-25,"25,139.35","25,233.50","25,085.50","25,219.90","271,500"
22-Jul-25,"25,166.65","25,182.00","25,035.55","25,060.90","483,700"
21-Jul-25,"24,999.00","25,111.40","24,882.30","25,090.70","305,200"
18-Jul-25,"25,108.55","25,144.60","24,918.65","24,968.40","317,000"
17-Jul-25,"25,230.75","25,238.35","25,101.00","25,111.45","243,400"
16-Jul-25,"25,196.60","25,255.30","25,121.05","25,212.05","228,800"
15-Jul-25,"25,089.50","25,245.20","25,088.45","25,195.80","241,300"
14-Jul-25,"25,149.50","25,151.10","25,001.95","25,082.30","259,500"
11-Jul-25,"25,255.50","25,322.45","25,129.00","25,149.85","250,000"
10-Jul-25,"25,511.65","25,524.05","25,340.45","25,355.25","219,600"
9-Jul-25,"25,514.60","25,548.70","25,424.35","25,476.10","239,100"
8-Jul-25,"25,427.85","25,548.05","25,424.15","25,522.50","210,400"
7-Jul-25,"25,450.45","25,489.80","25,407.25","25,461.30","196,100"
4-Jul-25,"25,428.85","25,470.25","25,331.65","25,461.00","193,500"
3-Jul-25,"25,505.10","25,587.50","25,384.35","25,405.30","293,400"
2-Jul-25,"25,588.30","25,608.10","25,378.75","25,453.40","309,800"
1-Jul-25,"25,551.35","25,593.40","25,501.80","25,541.80","260,700"
30-Jun-25,"25,661.65","25,669.35","25,473.30","25,517.05","271,000"
27-Jun-25,"25,576.65","25,654.20","25,523.55","25,637.80","564,000"
26-Jun-25,"25,268.95","25,565.30","25,259.90","25,549.00","428,900"
25-Jun-25,"25,150.35","25,266.80","25,125.05","25,244.75","260,600"
24-Jun-25,"25,179.90","25,317.70","24,999.70","25,044.35","450,200"
23-Jun-25,"24,939.75","25,057.00","24,824.85","24,971.90","248,500"
20-Jun-25,"24,787.65","25,136.20","24,783.65","25,112.40","574,700"
19-Jun-25,"24,803.25","24,863.10","24,733.40","24,793.25","274,600"
18-Jun-25,"24,788.35","24,947.55","24,750.45","24,812.05","237,600"
17-Jun-25,"24,977.85","24,982.05","24,813.70","24,853.40","242,400"
16-Jun-25,"24,732.35","24,967.10","24,703.60","24,946.50","305,800"
13-Jun-25,"24,473.00","24,754.35","24,473.00","24,718.60","318,700"
12-Jun-25,"25,164.45","25,196.20","24,825.90","24,888.20","328,300"
11-Jun-25,"25,134.15","25,222.40","25,081.30","25,141.40","301,200"
10-Jun-25,"25,196.05","25,199.30","25,055.45","25,104.25","307,300"
9-Jun-25,"25,160.10","25,160.10","25,077.15","25,103.20","279,200"
6-Jun-25,"24,748.70","25,029.50","24,671.45","25,003.05","335,600"
5-Jun-25,"24,691.20","24,899.85","24,613.10","24,750.90","388,400"
4-Jun-25,"24,560.45","24,644.25","24,530.45","24,620.20","280,900"
3-Jun-25,"24,786.30","24,845.10","24,502.15","24,542.50","349,300"
2-Jun-25,"24,669.70","24,754.40","24,526.15","24,716.60","311,100"
30-May-25,"24,812.60","24,863.95","24,717.40","24,750.70","853,900"
29-May-25,"24,825.10","24,892.60","24,677.30","24,833.60","345,400"
28-May-25,"24,832.50","24,864.25","24,737.05","24,752.45","684,400"
27-May-25,"24,956.65","25,062.90","24,704.10","24,826.20","525,700"
26-May-25,"24,919.35","25,079.20","24,900.50","25,001.15","302,800"
23-May-25,"24,639.50","24,909.05","24,614.05","24,853.15","270,500"
22-May-25,"24,733.95","24,737.50","24,462.40","24,609.70","403,300"
21-May-25,"24,744.25","24,946.20","24,685.35","24,813.45","332,700"
20-May-25,"24,996.20","25,010.35","24,669.70","24,683.90","414,800"
19-May-25,"25,005.35","25,062.95","24,916.65","24,945.45","255,300"
16-May-25,"25,064.65","25,070.00","24,953.05","25,019.80","432,700"
15-May-25,"24,694.45","25,116.25","24,494.45","25,062.10","500,800"
14-May-25,"24,613.80","24,767.55","24,535.55","24,666.90","345,500"
13-May-25,"24,864.05","24,973.80","24,547.50","24,578.35","423,000"
12-May-25,"24,420.10","24,944.80","24,378.85","24,924.70","368,700"
9-May-25,"23,935.75","24,164.25","23,935.75","24,008.00","335,600"
8-May-25,"24,431.50","24,447.25","24,150.20","24,273.80","411,400"
7-May-25,"24,233.30","24,449.60","24,220.00","24,414.40","330,100"
6-May-25,"24,500.75","24,509.65","24,331.80","24,379.60","302,400"
5-May-25,"24,419.50","24,526.40","24,400.65","24,461.15","291,500"
2-May-25,"24,311.90","24,589.15","24,238.50","24,346.70","421,100"
30-Apr-25,"24,342.05","24,396.15","24,198.75","24,334.20","424,500"
29-Apr-25,"24,370.70","24,457.65","24,290.75","24,335.95","357,600"
28-Apr-25,"24,070.25","24,355.10","24,054.05","24,328.50","320,500"
25-Apr-25,"24,289.00","24,365.45","23,847.85","24,039.35","387,700"
24-Apr-25,"24,277.90","24,347.85","24,216.15","24,246.70","358,800"
23-Apr-25,"24,357.60","24,359.30","24,119.95","24,328.95","415,000"
22-Apr-25,"24,185.40","24,242.60","24,072.00","24,167.25","440,900"
21-Apr-25,"23,949.15","24,189.55","23,903.65","24,125.55","406,100"
17-Apr-25,"23,401.85","23,872.35","23,298.55","23,851.65","505,300"
16-Apr-25,"23,344.10","23,452.20","23,273.05","23,437.20","348,400"
15-Apr-25,"23,368.35","23,368.35","23,207.00","23,328.55","388,300"
11-Apr-25,"22,695.40","22,923.90","22,695.40","22,828.55","402,200"
9-Apr-25,"22,460.30","22,468.70","22,353.25","22,399.15","383,800"
8-Apr-25,"22,446.75","22,697.20","22,270.85","22,535.85","468,300"
7-Apr-25,"21,758.40","22,254.00","21,743.65","22,161.60","647,100"
4-Apr-25,"23,190.40","23,214.70","22,857.45","22,904.45","466,800"
3-Apr-25,"23,150.30","23,306.50","23,145.80","23,250.10","283,200"
2-Apr-25,"23,192.60","23,350.00","23,158.45","23,332.35","341,000"
1-Apr-25,"23,341.10","23,565.15","23,136.40","23,165.70","314,300"
28-Mar-25,"23,600.40","23,649.20","23,450.20","23,519.35","295,400"
27-Mar-25,"23,433.95","23,646.45","23,412.20","23,591.95","510,300"
26-Mar-25,"23,700.95","23,736.50","23,451.70","23,486.85","278,600"
25-Mar-25,"23,751.50","23,869.60","23,601.40","23,668.65","338,200"
24-Mar-25,"23,515.40","23,708.75","23,433.50","23,658.35","311,900"
21-Mar-25,"23,168.25","23,402.70","23,132.80","23,350.40","541,000"
20-Mar-25,"23,036.60","23,216.70","22,973.95","23,190.65","313,700"
19-Mar-25,"22,874.95","22,940.70","22,807.95","22,907.60","324,000"
18-Mar-25,"22,662.25","22,857.80","22,599.20","22,834.30","272,600"
17-Mar-25,"22,353.15","22,577.00","22,353.15","22,508.75","251,100"
13-Mar-25,"22,541.50","22,558.05","22,377.35","22,397.20","287,500"
12-Mar-25,"22,536.35","22,577.40","22,329.55","22,470.50","369,700"
11-Mar-25,"22,345.95","22,522.10","22,314.70","22,497.90","347,900"
10-Mar-25,"22,521.85","22,676.75","22,429.05","22,460.30","293,900"
7-Mar-25,"22,508.65","22,633.80","22,464.75","22,552.50","289,800"
6-Mar-25,"22,476.35","22,556.45","22,245.85","22,544.70","372,100"
5-Mar-25,"22,073.05","22,394.90","22,067.80","22,337.30","305,900"
4-Mar-25,"21,974.45","22,105.05","21,964.60","22,082.65","253,300"
3-Mar-25,"22,194.55","22,261.55","22,004.70","22,119.30","282,400"
28-Feb-25,"22,433.40","22,450.35","22,104.85","22,124.70","551,300"
27-Feb-25,"22,568.95","22,613.30","22,508.40","22,545.05","289,200"
25-Feb-25,"22,516.45","22,625.30","22,513.90","22,547.55","250,300"
24-Feb-25,"22,609.35","22,668.05","22,518.80","22,553.35","214,300"
21-Feb-25,"22,857.20","22,921.00","22,720.30","22,795.90","242,800"
20-Feb-25,"22,821.10","22,923.85","22,812.75","22,913.15","240,800"
19-Feb-25,"22,847.25","23,049.95","22,814.85","22,932.90","207,000"
18-Feb-25,"22,963.65","22,992.50","22,801.50","22,945.30","210,600"
17-Feb-25,"22,809.90","22,974.20","22,725.45","22,959.50","207,400"
14-Feb-25,"23,096.45","23,133.70","22,774.85","22,929.25","254,500"
13-Feb-25,"23,055.75","23,235.50","22,992.20","23,031.40","265,700"
12-Feb-25,"23,050.80","23,144.70","22,798.35","23,045.25","279,700"
11-Feb-25,"23,383.55","23,390.05","22,986.65","23,071.80","268,000"
10-Feb-25,"23,543.80","23,568.60","23,316.30","23,381.60","234,200"
7-Feb-25,"23,649.50","23,694.50","23,443.20","23,559.95","368,100"
6-Feb-25,"23,761.95","23,773.55","23,556.25","23,603.35","307,000"
5-Feb-25,"23,801.75","23,807.30","23,680.45","23,696.30","267,000"
4-Feb-25,"23,509.90","23,762.75","23,423.15","23,739.25","376,700"
3-Feb-25,"23,319.35","23,381.60","23,222.00","23,361.05","329,700"
1-Feb-25,"23,528.60","23,632.45","23,318.30","23,482.15","281,000"
31-Jan-25,"23,296.75","23,546.80","23,277.40","23,508.40","304,900"
30-Jan-25,"23,169.50","23,322.05","23,139.20","23,249.50","361,900"
29-Jan-25,"23,026.75","23,183.35","22,976.50","23,163.10","226,300"
28-Jan-25,"22,960.45","23,137.95","22,857.65","22,957.25","361,900"
27-Jan-25,"22,940.15","23,007.45","22,786.90","22,829.15","257,400"
24-Jan-25,"23,183.90","23,347.30","23,050.00","23,092.20","264,300"
23-Jan-25,"23,128.30","23,270.80","23,090.65","23,205.35","275,600"
22-Jan-25,"23,099.15","23,169.55","22,981.30","23,155.35","276,000"
21-Jan-25,"23,421.65","23,426.30","22,976.85","23,024.65","312,900"
20-Jan-25,"23,290.40","23,391.10","23,170.65","23,344.75","301,500"
17-Jan-25,"23,277.10","23,292.10","23,100.35","23,203.20","272,900"
16-Jan-25,"23,377.25","23,391.65","23,272.05","23,311.80","299,400"
15-Jan-25,"23,250.45","23,293.65","23,146.45","23,213.20","228,000"
14-Jan-25,"23,165.90","23,264.95","23,134.15","23,176.05","311,200"
13-Jan-25,"23,195.40","23,340.95","23,047.25","23,085.95","316,500"
10-Jan-25,"23,551.90","23,596.60","23,344.35","23,431.50","261,000"
9-Jan-25,"23,674.75","23,689.50","23,503.05","23,526.50","269,200"
8-Jan-25,"23,746.65","23,751.85","23,496.15","23,688.95","266,400"
7-Jan-25,"23,679.90","23,795.20","23,637.80","23,707.90","262,300"
6-Jan-25,"24,045.80","24,089.95","23,551.90","23,616.05","278,100"
3-Jan-25,"24,196.40","24,196.45","23,976.00","24,004.75","312,300"
2-Jan-25,"23,783.00","24,226.70","23,751.55","24,188.65","283,200"
1-Jan-25,"23,637.65","23,822.80","23,562.80","23,742.90","154,900"
31-Dec-24,"23,560.60","23,689.85","23,460.45","23,644.80","193,600"
30-Dec-24,"23,796.90","23,915.35","23,599.30","23,644.90","364,900"
27-Dec-24,"23,801.40","23,938.85","23,800.60","23,813.40","176,800"
26-Dec-24,"23,775.80","23,854.50","23,653.60","23,750.20","177,700"
24-Dec-24,"23,769.10","23,867.65","23,685.15","23,727.65","177,700"
23-Dec-24,"23,738.20","23,869.55","23,647.20","23,753.45","189,800"
20-Dec-24,"23,960.70","24,065.80","23,537.35","23,587.50","442,700"
19-Dec-24,"23,877.15","24,004.90","23,870.30","23,951.70","271,100"
18-Dec-24,"24,297.95","24,394.45","24,149.85","24,198.85","235,300"
17-Dec-24,"24,584.80","24,624.10","24,303.45","24,336.00","264,900"
16-Dec-24,"24,753.40","24,781.25","24,601.75","24,668.25","187,600"
13-Dec-24,"24,498.35","24,792.30","24,180.80","24,768.30","310,100"
12-Dec-24,"24,604.45","24,675.25","24,527.95","24,548.70","266,100"
11-Dec-24,"24,620.50","24,691.75","24,583.85","24,641.80","187,300"
10-Dec-24,"24,652.65","24,677.80","24,510.65","24,610.05","261,000"
9-Dec-24,"24,633.90","24,705.00","24,580.05","24,619.00","248,100"
6-Dec-24,"24,729.45","24,751.05","24,620.50","24,677.80","226,700"
5-Dec-24,"24,539.15","24,857.75","24,295.55","24,708.40","361,500"
4-Dec-24,"24,488.75","24,573.20","24,366.30","24,467.45","348,000"
3-Dec-24,"24,367.50","24,481.35","24,280.00","24,457.15","339,500"
2-Dec-24,"24,140.85","24,301.70","24,008.65","24,276.05","220,400"
29-Nov-24,"23,927.15","24,188.45","23,927.15","24,131.10","282,100"
28-Nov-24,"24,274.15","24,345.75","23,873.35","23,914.15","366,700"
27-Nov-24,"24,204.80","24,354.55","24,145.65","24,274.90","295,000"
26-Nov-24,"24,343.30","24,343.30","24,125.40","24,194.50","230,700"
25-Nov-24,"24,253.55","24,351.55","24,135.45","24,221.90","687,200"
22-Nov-24,"23,411.80","23,956.10","23,359.00","23,907.25","367,600"
21-Nov-24,"23,488.45","23,507.30","23,263.15","23,349.90","420,300"
19-Nov-24,"23,529.55","23,780.65","23,464.80","23,518.50","297,500"
18-Nov-24,"23,605.30","23,606.80","23,350.40","23,453.80","263,300"
14-Nov-24,"23,542.15","23,675.90","23,484.15","23,532.70","257,700"
13-Nov-24,"23,822.45","23,873.60","23,509.60","23,559.05","304,600"
12-Nov-24,"24,225.80","24,242.00","23,839.15","23,883.45","255,800"
11-Nov-24,"24,087.25","24,336.80","24,004.60","24,141.30","273,400"
8-Nov-24,"24,207.70","24,276.15","24,066.65","24,148.20","298,700"
7-Nov-24,"24,489.60","24,503.35","24,179.05","24,199.35","322,200"
6-Nov-24,"24,308.75","24,537.60","24,204.05","24,484.05","351,100"
5-Nov-24,"23,916.50","24,229.05","23,842.75","24,213.30","289,500"
4-Nov-24,"24,315.75","24,316.75","23,816.15","23,995.35","285,500"
1-Nov-24,"24,302.75","24,368.25","24,280.20","24,304.35","38,800"
31-Oct-24,"24,349.85","24,372.45","24,172.60","24,205.35","287,000"
30-Oct-24,"24,371.45","24,498.20","24,307.30","24,340.85","285,200"
29-Oct-24,"24,328.85","24,484.50","24,140.85","24,466.85","332,000"
28-Oct-24,"24,251.10","24,492.60","24,134.90","24,339.15","278,600"
25-Oct-24,"24,418.05","24,440.25","24,073.90","24,180.80","372,600"
24-Oct-24,"24,412.70","24,480.65","24,341.20","24,399.40","216,700"
23-Oct-24,"24,378.15","24,604.25","24,378.10","24,435.50","284,600"
22-Oct-24,"24,798.65","24,882.00","24,445.80","24,472.10","279,500"
21-Oct-24,"24,956.15","24,978.30","24,679.60","24,781.10","242,000"
18-Oct-24,"24,664.95","24,886.20","24,567.65","24,854.05","290,900"
17-Oct-24,"25,027.40","25,029.50","24,728.90","24,749.85","252,800"
16-Oct-24,"25,008.55","25,093.40","24,908.45","24,971.30","226,800"
15-Oct-24,"25,186.30","25,212.05","25,008.15","25,057.35","257,200"
14-Oct-24,"25,023.45","25,159.75","25,017.50","25,127.95","206,400"
11-Oct-24,"24,985.30","25,028.65","24,920.05","24,964.25","210,500"
10-Oct-24,"25,067.05","25,134.05","24,979.40","24,998.45","261,400"
9-Oct-24,"25,065.80","25,234.05","24,947.70","24,981.95","290,600"
8-Oct-24,"24,832.20","25,044.00","24,756.80","25,013.15","333,200"
7-Oct-24,"25,084.10","25,143.00","24,694.35","24,795.75","374,300"
4-Oct-24,"25,181.90","25,485.05","24,966.80","25,014.60","374,900"
3-Oct-24,"25,452.85","25,639.45","25,230.30","25,250.10","423,400"
1-Oct-24,"25,788.45","25,907.60","25,739.20","25,796.90","247,400"
30-Sep-24,"26,061.30","26,134.70","25,794.10","25,810.85","343,100"
27-Sep-24,"26,248.25","26,277.35","26,151.40","26,178.95","490,300"
26-Sep-24,"26,005.40","26,250.90","25,998.40","26,216.05","370,900"
25-Sep-24,"25,899.45","26,032.80","25,871.35","26,004.15","278,500"
24-Sep-24,"25,921.45","26,011.55","25,886.85","25,940.40","384,100"
23-Sep-24,"25,872.55","25,956.00","25,847.35","25,939.05","209,200"
20-Sep-24,"25,525.95","25,849.25","25,426.60","25,790.95","533,100"
19-Sep-24,"25,487.05","25,611.95","25,376.05","25,415.80","314,500"
18-Sep-24,"25,402.40","25,482.20","25,285.55","25,377.55","215,700"
17-Sep-24,"25,416.90","25,441.65","25,352.25","25,418.55","216,000"
16-Sep-24,"25,406.65","25,445.70","25,336.20","25,383.75","168,700"
13-Sep-24,"25,430.45","25,430.50","25,292.45","25,356.50","250,800"
12-Sep-24,"25,059.65","25,433.35","24,941.45","25,388.90","380,100"
11-Sep-24,"25,034.00","25,113.70","24,885.15","24,918.45","279,200"
10-Sep-24,"24,999.40","25,130.50","24,896.80","25,041.10","251,300"
9-Sep-24,"24,823.40","24,957.50","24,753.15","24,936.40","254,400"
6-Sep-24,"25,093.70","25,168.75","24,801.30","24,852.15","311,700"
5-Sep-24,"25,250.50","25,275.45","25,127.75","25,145.10","222,200"
4-Sep-24,"25,089.95","25,216.00","25,083.80","25,198.70","253,800"
3-Sep-24,"25,313.40","25,321.70","25,235.80","25,279.85","212,100"
2-Sep-24,"25,333.60","25,333.65","25,235.50","25,278.70","222,800"
30-Aug-24,"25,249.70","25,268.35","25,199.40","25,235.90","638,200"
29-Aug-24,"25,035.30","25,192.90","24,998.50","25,151.95","354,000"
28-Aug-24,"25,030.80","25,129.60","24,964.65","25,052.35","220,400"
27-Aug-24,"25,024.80","25,073.10","24,973.65","25,017.75","223,300"
26-Aug-24,"24,906.10","25,043.80","24,874.70","25,010.60","210,300"
23-Aug-24,"24,845.40","24,858.40","24,771.65","24,823.15","206,800"
22-Aug-24,"24,863.40","24,867.35","24,784.45","24,811.50","220,300"
21-Aug-24,"24,680.55","24,787.95","24,654.50","24,770.20","257,100"
20-Aug-24,"24,648.90","24,734.30","24,607.20","24,698.85","238,300"
19-Aug-24,"24,636.35","24,638.80","24,522.95","24,572.65","243,600"
16-Aug-24,"24,334.85","24,563.90","24,204.50","24,541.15","271,600"
14-Aug-24,"24,184.40","24,196.50","24,099.70","24,143.75","303,300"
13-Aug-24,"24,342.35","24,359.95","24,116.50","24,139.00","239,700"
12-Aug-24,"24,320.05","24,472.80","24,212.10","24,347.00","279,900"
9-Aug-24,"24,386.85","24,419.75","24,311.20","24,367.50","215,100"
8-Aug-24,"24,248.55","24,340.50","24,079.70","24,117.00","311,900"
7-Aug-24,"24,289.40","24,337.70","24,184.90","24,297.50","317,600"
6-Aug-24,"24,189.85","24,382.60","23,960.40","23,992.55","312,300"
5-Aug-24,"24,302.85","24,350.05","23,893.70","24,055.60","487,000"
2-Aug-24,"24,789.00","24,851.90","24,686.85","24,717.70","345,000"
1-Aug-24,"25,030.95","25,078.30","24,956.40","25,010.90","431,300"
31-Jul-24,"24,886.70","24,984.60","24,856.50","24,951.15","333,600"
30-Jul-24,"24,839.40","24,971.75","24,798.65","24,857.30","385,000"
29-Jul-24,"24,943.30","24,999.75","24,774.60","24,836.10","355,000"
26-Jul-24,"24,423.35","24,861.15","24,410.90","24,834.85","383,800"
25-Jul-24,"24,230.95","24,426.15","24,210.80","24,406.10","391,800"
24-Jul-24,"24,444.95","24,504.25","24,307.25","24,413.50","366,600"
23-Jul-24,"24,568.90","24,582.55","24,074.20","24,479.05","436,400"
22-Jul-24,"24,445.75","24,595.20","24,362.30","24,509.25","324,200"
19-Jul-24,"24,853.80","24,854.80","24,508.15","24,530.90","343,800"
18-Jul-24,"24,543.80","24,837.75","24,504.45","24,800.85","350,900"
16-Jul-24,"24,615.90","24,661.25","24,587.65","24,613.00","283,200"
15-Jul-24,"24,587.60","24,635.05","24,522.75","24,586.70","305,400"
12-Jul-24,"24,387.95","24,592.20","24,331.15","24,502.15","325,800"
11-Jul-24,"24,396.55","24,402.65","24,193.75","24,315.95","306,400"
10-Jul-24,"24,459.85","24,461.05","24,141.80","24,324.45","292,300"
9-Jul-24,"24,351.00","24,443.60","24,331.90","24,433.20","250,500"
8-Jul-24,"24,329.45","24,344.60","24,240.55","24,320.55","266,300"
5-Jul-24,"24,213.35","24,363.00","24,168.85","24,323.85","298,400"
4-Jul-24,"24,369.95","24,401.00","24,281.00","24,302.15","251,200"
3-Jul-24,"24,291.75","24,309.15","24,207.10","24,286.50",-
2-Jul-24,"24,228.75","24,236.35","24,056.40","24,123.85",-
1-Jul-24,"23,992.95","24,164.00","23,992.70","24,141.95",-
28-Jun-24,"24,085.90","24,174.00","23,985.80","24,010.60","354,800"
27-Jun-24,"23,881.55","24,087.45","23,805.40","24,044.50","515,200"
26-Jun-24,"23,723.10","23,889.90","23,670.45","23,868.80","287,800"
25-Jun-24,"23,577.10","23,754.15","23,562.05","23,721.30","298,100"
24-Jun-24,"23,382.30","23,558.10","23,350.00","23,537.85","239,400"
21-Jun-24,"23,661.15","23,667.10","23,398.20","23,501.10","609,900"
20-Jun-24,"23,586.15","23,624.00","23,442.60","23,567.00","280,300"
19-Jun-24,"23,629.85","23,664.00","23,412.90","23,516.00","328,800"
18-Jun-24,"23,570.80","23,579.05","23,499.70","23,557.90","272,200"
14-Jun-24,"23,464.95","23,490.40","23,334.25","23,465.60","223,100"
13-Jun-24,"23,480.95","23,481.05","23,353.90","23,398.90","268,300"
12-Jun-24,"23,344.45","23,441.95","23,295.95","23,322.95","295,600"
11-Jun-24,"23,283.75","23,389.45","23,206.65","23,264.85","305,200"
10-Jun-24,"23,319.15","23,411.90","23,227.15","23,259.20","304,400"
7-Jun-24,"22,821.85","23,320.20","22,789.05","23,290.15","473,600"
6-Jun-24,"22,798.60","22,910.15","22,642.60","22,821.40","480,400"
5-Jun-24,"22,128.35","22,670.40","21,791.95","22,620.35","638,500"
4-Jun-24,"23,179.50","23,179.50","21,281.45","21,884.50","1,006,100"
3-Jun-24,"23,337.90","23,338.70","23,062.30","23,263.90","569,400"
31-May-24,"22,568.10","22,653.75","22,465.10","22,530.70","572,100"
30-May-24,"22,617.45","22,705.75","22,417.00","22,488.65","373,400"
29-May-24,"22,762.75","22,825.50","22,685.45","22,704.70","269,900"
28-May-24,"22,977.15","22,998.55","22,858.50","22,888.15","217,900"
27-May-24,"23,038.95","23,110.80","22,871.20","22,932.45","260,000"
24-May-24,"22,930.75","23,026.40","22,908.00","22,957.10","261,900"
23-May-24,"22,614.10","22,993.60","22,577.45","22,967.65","369,800"
22-May-24,"22,576.60","22,629.50","22,483.15","22,597.80","290,300"
21-May-24,"22,404.55","22,591.10","22,404.55","22,529.05","347,600"
17-May-24,"22,415.25","22,502.15","22,345.65","22,466.10","242,700"
16-May-24,"22,319.20","22,432.25","22,054.55","22,403.85","368,900"
15-May-24,"22,255.60","22,297.55","22,151.75","22,200.55","231,900"
14-May-24,"22,112.90","22,270.05","22,081.25","22,217.85","230,200"
13-May-24,"22,027.95","22,131.65","21,821.05","22,104.05","278,200"
10-May-24,"21,990.95","22,131.30","21,950.30","22,055.20","265,800"
9-May-24,"22,224.80","22,307.75","21,932.40","21,957.50","331,300"
8-May-24,"22,231.20","22,368.65","22,185.20","22,302.50","277,400"
7-May-24,"22,489.75","22,499.05","22,232.05","22,302.50","297,800"
6-May-24,"22,561.60","22,588.80","22,409.45","22,442.70","320,300"
3-May-24,"22,766.35","22,794.70","22,348.05","22,475.85","438,100"
2-May-24,"22,567.85","22,710.50","22,567.85","22,648.20","445,900"
30-Apr-24,"22,679.65","22,783.35","22,568.40","22,604.85","361,900"
29-Apr-24,"22,475.55","22,655.80","22,441.90","22,643.40","292,000"
26-Apr-24,"22,620.40","22,620.40","22,385.55","22,419.95","329,900"
25-Apr-24,"22,316.90","22,625.95","22,305.25","22,570.35","475,000"
24-Apr-24,"22,421.55","22,476.45","22,384.00","22,402.40","235,900"
23-Apr-24,"22,447.05","22,447.55","22,349.45","22,368.00","231,500"
22-Apr-24,"22,336.90","22,375.65","22,198.15","22,336.40","279,300"
19-Apr-24,"21,861.50","22,179.55","21,777.65","22,147.00","362,500"
18-Apr-24,"22,212.35","22,326.50","21,961.70","21,995.85","456,900"
16-Apr-24,"22,125.30","22,213.75","22,079.45","22,147.90","317,300"
15-Apr-24,"22,339.05","22,427.45","22,259.55","22,272.50","355,500"
12-Apr-24,"22,677.40","22,726.45","22,503.75","22,519.40","357,200"
10-Apr-24,"22,720.25","22,775.70","22,673.70","22,753.80","276,800"
9-Apr-24,"22,765.10","22,768.40","22,612.25","22,642.75","232,400"
8-Apr-24,"22,578.35","22,697.30","22,550.35","22,666.30","227,600"
5-Apr-24,"22,486.40","22,537.60","22,427.60","22,513.70","242,200"
4-Apr-24,"22,592.10","22,619.00","22,303.80","22,514.65","401,000"
3-Apr-24,"22,385.70","22,521.10","22,346.50","22,434.65","309,600"
2-Apr-24,"22,458.80","22,497.60","22,388.15","22,453.30","289,500"
1-Apr-24,"22,455.00","22,529.95","22,427.75","22,462.00",-
28-Mar-24,"22,163.60","22,516.00","22,163.60","22,326.90","410,500"
27-Mar-24,"22,053.95","22,193.60","22,052.85","22,123.65","409,100"
26-Mar-24,"21,947.90","22,073.20","21,947.55","22,004.70","328,400"
22-Mar-24,"21,932.20","22,180.70","21,883.30","22,096.75","388,700"
21-Mar-24,"21,989.90","22,080.95","21,941.30","22,011.95","353,200"
20-Mar-24,"21,843.90","21,930.90","21,710.20","21,839.10","312,400"
19-Mar-24,"21,946.45","21,978.30","21,793.10","21,817.45","344,200"
18-Mar-24,"21,990.10","22,123.70","21,916.55","22,055.70","356,300"
15-Mar-24,"22,064.85","22,120.90","21,931.70","22,023.35","661,500"
14-Mar-24,"21,982.55","22,204.60","21,917.50","22,146.65","426,700"
13-Mar-24,"22,432.20","22,446.75","21,905.65","21,997.70","493,300"
12-Mar-24,"22,334.45","22,452.55","22,256.00","22,335.70","299,200"
11-Mar-24,"22,517.50","22,526.60","22,307.25","22,332.65","277,900"
7-Mar-24,"22,505.30","22,525.65","22,430.00","22,493.55","379,900"
6-Mar-24,"22,327.50","22,497.20","22,224.35","22,474.05","312,300"
5-Mar-24,"22,371.25","22,416.90","22,269.15","22,356.30","296,200"
4-Mar-24,"22,403.50","22,440.90","22,358.30","22,405.60","298,800"
1-Mar-24,"22,048.30","22,353.30","22,047.75","22,338.75","351,500"
29-Feb-24,"21,935.20","22,060.55","21,860.65","21,982.80","360,200"
28-Feb-24,"22,214.10","22,229.15","21,915.85","21,951.15","203,000"
27-Feb-24,"22,090.20","22,218.25","22,085.65","22,198.35","252,200"
26-Feb-24,"22,169.20","22,202.15","22,075.15","22,122.05","207,800"
23-Feb-24,"22,290.00","22,297.50","22,186.10","22,212.70","226,000"
22-Feb-24,"22,081.55","22,252.50","21,875.25","22,217.45","343,500"
21-Feb-24,"22,248.85","22,249.40","21,997.95","22,055.05","364,500"
20-Feb-24,"22,099.20","22,215.60","22,045.85","22,196.95","295,700"
19-Feb-24,"22,103.45","22,186.65","22,021.05","22,122.25",-
16-Feb-24,"22,020.30","22,068.65","21,968.95","22,040.70","343,900"
15-Feb-24,"21,906.55","21,953.85","21,794.80","21,910.75","345,400"
14-Feb-24,"21,578.15","21,870.85","21,530.20","21,840.05","359,100"
13-Feb-24,"21,664.30","21,766.80","21,543.35","21,743.25","365,800"
12-Feb-24,"21,800.80","21,831.70","21,574.75","21,616.05","287,400"
9-Feb-24,"21,727.00","21,804.45","21,629.90","21,782.50","349,200"
8-Feb-24,"22,009.65","22,011.05","21,665.30","21,717.95","491,100"
7-Feb-24,"22,045.05","22,053.30","21,860.15","21,930.50","346,300"
6-Feb-24,"21,825.20","21,951.40","21,737.55","21,929.40","371,000"
5-Feb-24,"21,921.05","21,964.30","21,726.95","21,771.70","440,800"
2-Feb-24,"21,812.75","22,126.80","21,805.55","21,853.80","442,800"
1-Feb-24,"21,780.65","21,832.95","21,658.75","21,697.45","332,500"
31-Jan-24,"21,487.25","21,741.35","21,448.85","21,725.70","410,600"
30-Jan-24,"21,775.75","21,813.05","21,501.80","21,522.10","375,100"
29-Jan-24,"21,433.10","21,763.25","21,429.60","21,737.60","376,700"
25-Jan-24,"21,454.60","21,459.00","21,247.05","21,352.60","418,100"
24-Jan-24,"21,185.25","21,482.35","21,137.20","21,453.95","407,500"
23-Jan-24,"21,716.70","21,750.25","21,192.60","21,238.80","449,700"
19-Jan-24,"21,615.20","21,670.60","21,575.00","21,622.40","343,100"
18-Jan-24,"21,414.20","21,539.40","21,285.55","21,462.25","387,300"
17-Jan-24,"21,647.25","21,851.50","21,550.45","21,571.95","456,000"
16-Jan-24,"22,080.50","22,124.15","21,969.80","22,032.30","292,400"
15-Jan-24,"22,053.15","22,115.55","21,963.55","22,097.45","345,500"
12-Jan-24,"21,773.55","21,928.25","21,715.15","21,894.55","294,700"
11-Jan-24,"21,688.00","21,726.50","21,593.75","21,647.20","212,500"
10-Jan-24,"21,529.30","21,641.85","21,448.65","21,618.70","217,000"
9-Jan-24,"21,653.60","21,724.45","21,517.85","21,544.85","228,600"
8-Jan-24,"21,747.60","21,763.95","21,492.90","21,513.00","231,500"
5-Jan-24,"21,705.75","21,749.60","21,629.20","21,710.80","309,300"
4-Jan-24,"21,605.80","21,685.65","21,564.55","21,658.60","339,200"
3-Jan-24,"21,661.10","21,677.00","21,500.35","21,517.35","311,900"
2-Jan-24,"21,751.35","21,755.60","21,555.65","21,665.80","263,700"
1-Jan-24,"21,727.75","21,834.35","21,680.85","21,741.90","154,000"
29-Dec-23,"21,737.65","21,770.30","21,676.90","21,731.40","270,900"
28-Dec-23,"21,715.00","21,801.45","21,678.00","21,778.70","393,100"
27-Dec-23,"21,497.65","21,675.75","21,495.80","21,654.75","256,500"
26-Dec-23,"21,365.20","21,477.15","21,329.45","21,441.35","219,500"
22-Dec-23,"21,295.85","21,390.50","21,232.45","21,349.40","284,700"
21-Dec-23,"21,033.95","21,288.35","20,976.80","21,255.05","277,500"
20-Dec-23,"21,543.50","21,593.00","21,087.35","21,150.15","363,900"
19-Dec-23,"21,477.65","21,505.05","21,337.75","21,453.10","249,800"
18-Dec-23,"21,434.80","21,482.80","21,365.35","21,418.65","249,700"
15-Dec-23,"21,287.45","21,492.30","21,235.30","21,456.65","508,800"
14-Dec-23,"21,110.40","21,210.90","21,074.45","21,182.70","334,400"
13-Dec-23,"20,929.75","20,950.00","20,769.50","20,926.35","260,300"
12-Dec-23,"21,018.55","21,037.90","20,867.15","20,906.40","244,900"
11-Dec-23,"20,965.30","21,026.10","20,923.70","20,997.10","212,900"
8-Dec-23,"20,934.10","21,006.10","20,862.70","20,969.40","292,400"
7-Dec-23,"20,932.40","20,941.25","20,850.80","20,901.15","275,000"
6-Dec-23,"20,950.75","20,961.95","20,852.15","20,937.70","359,200"
5-Dec-23,"20,808.90","20,864.05","20,711.15","20,855.10","421,000"
4-Dec-23,"20,601.95","20,702.65","20,507.75","20,686.80","381,100"
1-Dec-23,"20,194.10","20,291.55","20,183.70","20,267.90","265,800"
30-Nov-23,"20,108.50","20,158.70","20,015.85","20,133.15","486,600"
29-Nov-23,"19,976.55","20,104.65","19,956.30","20,096.60","236,200"
28-Nov-23,"19,844.65","19,916.85","19,800.00","19,889.70","229,600"
24-Nov-23,"19,809.60","19,832.85","19,768.85","19,794.70","145,900"
23-Nov-23,"19,828.45","19,875.15","19,786.75","19,802.00","170,000"
22-Nov-23,"19,784.00","19,825.55","19,703.85","19,811.85","184,500"
21-Nov-23,"19,770.90","19,829.10","19,754.05","19,783.40","195,000"
20-Nov-23,"19,731.15","19,756.45","19,670.50","19,694.00","173,800"
17-Nov-23,"19,674.75","19,806.00","19,667.45","19,731.80","236,800"
16-Nov-23,"19,674.70","19,875.25","19,627.00","19,765.20","282,700"
15-Nov-23,"19,651.40","19,693.20","19,579.65","19,675.45","291,500"
13-Nov-23,"19,486.75","19,494.40","19,414.75","19,443.55","189,300"
10-Nov-23,"19,351.85","19,451.30","19,329.45","19,425.35","152,200"
9-Nov-23,"19,457.40","19,463.90","19,378.35","19,395.30","208,400"
8-Nov-23,"19,449.60","19,464.40","19,401.50","19,443.50","195,000"
7-Nov-23,"19,404.05","19,423.50","19,329.10","19,406.70","198,700"
6-Nov-23,"19,345.85","19,423.00","19,309.70","19,411.75","180,700"
3-Nov-23,"19,241.00","19,276.25","19,210.90","19,230.60","189,500"
2-Nov-23,"19,120.00","19,175.25","19,064.15","19,133.25","245,600"
1-Nov-23,"19,064.05","19,096.05","18,973.70","18,989.15","194,100"
31-Oct-23,"19,232.95","19,233.70","19,056.45","19,079.60","206,000"
30-Oct-23,"19,053.40","19,158.50","18,940.00","19,140.90","180,100"
27-Oct-23,"18,928.75","19,076.15","18,926.65","19,047.25","205,200"
26-Oct-23,"19,027.25","19,041.70","18,837.85","18,857.25","300,400"
25-Oct-23,"19,286.45","19,347.30","19,074.15","19,122.15","225,300"
23-Oct-23,"19,521.60","19,556.85","19,257.85","19,281.75","176,000"
20-Oct-23,"19,542.15","19,593.80","19,518.70","19,542.65","198,300"
19-Oct-23,"19,545.20","19,681.80","19,512.35","19,624.70","230,300"
18-Oct-23,"19,820.45","19,840.95","19,659.95","19,671.10","198,900"
17-Oct-23,"19,843.20","19,849.75","19,775.65","19,811.50","185,800"
16-Oct-23,"19,737.25","19,781.30","19,691.85","19,731.75","181,000"
13-Oct-23,"19,654.55","19,805.40","19,635.30","19,751.05","255,000"
12-Oct-23,"19,822.70","19,843.30","19,772.65","19,794.00","217,900"
11-Oct-23,"19,767.00","19,839.20","19,756.95","19,811.35","213,700"
10-Oct-23,"19,565.60","19,717.80","19,565.45","19,689.85","216,600"
9-Oct-23,"19,539.45","19,588.95","19,480.50","19,512.35","165,100"
6-Oct-23,"19,621.20","19,675.75","19,589.40","19,653.50","159,100"
5-Oct-23,"19,521.85","19,576.95","19,487.30","19,545.75","234,900"
4-Oct-23,"19,446.30","19,457.80","19,333.60","19,436.10","277,100"
3-Oct-23,"19,622.40","19,623.20","19,479.65","19,528.75","221,700"
29-Sep-23,"19,581.20","19,726.25","19,551.05","19,638.30","243,500"
28-Sep-23,"19,761.80","19,766.65","19,492.10","19,523.55","352,800"
27-Sep-23,"19,637.05","19,730.70","19,554.00","19,716.45","203,600"
26-Sep-23,"19,682.80","19,699.35","19,637.45","19,664.70","204,900"
25-Sep-23,"19,678.20","19,734.15","19,601.55","19,674.55","188,400"
22-Sep-23,"19,744.85","19,798.65","19,657.50","19,674.25","246,400"
21-Sep-23,"19,840.55","19,848.75","19,709.95","19,742.35","275,100"
20-Sep-23,"19,980.75","20,050.65","19,878.85","19,901.40","378,100"
18-Sep-23,"20,155.95","20,195.35","20,115.70","20,133.30","264,900"
15-Sep-23,"20,156.45","20,222.45","20,129.70","20,192.35","438,200"
14-Sep-23,"20,127.95","20,167.65","20,043.45","20,103.10","275,100"
13-Sep-23,"19,989.50","20,096.90","19,944.10","20,070.00","251,400"
12-Sep-23,"20,110.15","20,110.35","19,914.65","19,993.20","328,100"
11-Sep-23,"19,890.00","20,008.15","19,865.35","19,996.35","248,800"
8-Sep-23,"19,774.80","19,867.15","19,727.05","19,819.95","288,100"
7-Sep-23,"19,598.65","19,737.00","19,550.05","19,727.05","304,900"
6-Sep-23,"19,581.20","19,636.45","19,491.50","19,611.05","287,600"
5-Sep-23,"19,564.65","19,587.05","19,525.75","19,574.90","256,800"
4-Sep-23,"19,525.05","19,545.15","19,432.85","19,528.80","296,800"
1-Sep-23,"19,258.15","19,458.55","19,255.70","19,435.30","333,000"
31-Aug-23,"19,375.55","19,388.20","19,223.65","19,253.80","562,600"
30-Aug-23,"19,433.45","19,452.80","19,334.75","19,347.45","233,000"
29-Aug-23,"19,374.85","19,377.90","19,309.10","19,342.65","307,400"
28-Aug-23,"19,298.35","19,366.85","19,249.70","19,306.05","248,200"
25-Aug-23,"19,297.40","19,339.55","19,229.70","19,265.80","466,500"
24-Aug-23,"19,535.15","19,584.45","19,369.00","19,386.70","268,300"
23-Aug-23,"19,439.20","19,472.05","19,366.60","19,444.00","225,200"
22-Aug-23,"19,417.10","19,443.50","19,381.30","19,396.45","208,700"
21-Aug-23,"19,320.65","19,425.95","19,296.30","19,393.60","262,600"
18-Aug-23,"19,301.75","19,373.80","19,253.60","19,310.15","256,100"
17-Aug-23,"19,450.55","19,461.55","19,326.25","19,365.25","268,700"
16-Aug-23,"19,369.00","19,482.75","19,317.20","19,465.00",-
14-Aug-23,"19,383.95","19,465.85","19,257.90","19,434.55","243,900"
11-Aug-23,"19,554.25","19,557.75","19,412.75","19,428.30","235,500"
10-Aug-23,"19,605.55","19,623.60","19,495.40","19,543.10","312,200"
9-Aug-23,"19,578.80","19,645.50","19,467.50","19,632.55","266,500"
8-Aug-23,"19,627.20","19,634.40","19,533.10","19,570.85","260,300"
7-Aug-23,"19,576.85","19,620.45","19,524.80","19,597.30","216,600"
4-Aug-23,"19,462.80","19,538.85","19,436.45","19,517.00","280,800"
3-Aug-23,"19,463.75","19,537.65","19,296.45","19,381.65","315,700"
2-Aug-23,"19,655.40","19,678.25","19,423.55","19,526.55","290,700"
1-Aug-23,"19,784.00","19,795.60","19,704.60","19,733.55","298,000"
31-Jul-23,"19,666.35","19,772.75","19,597.60","19,753.80","295,100"
28-Jul-23,"19,659.75","19,695.90","19,563.10","19,646.05","258,700"
27-Jul-23,"19,850.90","19,867.55","19,603.55","19,659.90","334,900"
26-Jul-23,"19,733.35","19,825.60","19,716.70","19,778.30","244,700"
25-Jul-23,"19,729.35","19,729.35","19,615.95","19,680.60","369,700"
24-Jul-23,"19,748.45","19,782.75","19,658.30","19,672.35","265,600"
21-Jul-23,"19,800.45","19,887.40","19,700.00","19,745.00","312,500"
20-Jul-23,"19,831.70","19,991.85","19,758.40","19,979.15","274,700"
19-Jul-23,"19,802.95","19,851.70","19,727.45","19,833.15","259,700"
18-Jul-23,"19,787.50","19,819.45","19,690.20","19,749.25","286,400"
17-Jul-23,"19,612.15","19,731.85","19,562.95","19,711.45","268,700"
14-Jul-23,"19,493.45","19,595.35","19,433.50","19,564.50","291,200"
13-Jul-23,"19,495.20","19,567.00","19,385.80","19,413.75","310,400"
12-Jul-23,"19,497.45","19,507.70","19,361.75","19,384.30","327,900"
11-Jul-23,"19,427.10","19,515.10","19,406.45","19,439.40","251,300"
10-Jul-23,"19,400.35","19,435.85","19,327.10","19,355.90","268,200"
7-Jul-23,"19,422.80","19,523.60","19,303.60","19,331.80","237,100"
6-Jul-23,"19,385.70","19,512.20","19,373.00","19,497.30","268,300"
5-Jul-23,"19,405.95","19,421.60","19,339.60","19,398.50","224,400"
4-Jul-23,"19,406.60","19,434.15","19,300.00","19,389.00","226,900"
3-Jul-23,"19,246.50","19,345.10","19,234.40","19,322.55","226,100"
30-Jun-23,"19,076.85","19,201.70","19,024.60","19,189.05","247,900"
28-Jun-23,"18,908.15","19,011.25","18,861.35","18,972.10","398,800"
27-Jun-23,"18,748.55","18,829.25","18,714.25","18,817.40","222,500"
26-Jun-23,"18,682.35","18,722.05","18,646.70","18,691.20","171,300"
23-Jun-23,"18,741.85","18,756.40","18,647.10","18,665.50","210,600"
22-Jun-23,"18,853.60","18,886.60","18,759.50","18,771.25","252,700"
21-Jun-23,"18,849.40","18,875.90","18,794.85","18,856.85","217,500"
20-Jun-23,"18,752.35","18,839.70","18,660.65","18,816.70","211,600"
19-Jun-23,"18,873.30","18,881.45","18,719.15","18,755.45","219,800"
16-Jun-23,"18,723.30","18,864.70","18,710.50","18,826.00","272,800"
15-Jun-23,"18,774.45","18,794.10","18,669.05","18,688.10","263,000"
14-Jun-23,"18,744.60","18,769.70","18,690.00","18,755.90","261,400"
13-Jun-23,"18,631.80","18,728.90","18,631.80","18,716.15","233,200"
12-Jun-23,"18,595.05","18,633.60","18,559.75","18,601.50","179,500"
9-Jun-23,"18,655.90","18,676.65","18,555.40","18,563.40","221,800"
8-Jun-23,"18,725.35","18,777.90","18,615.60","18,634.55","286,500"
7-Jun-23,"18,665.60","18,738.95","18,636.00","18,726.40","260,100"
6-Jun-23,"18,600.80","18,622.75","18,531.60","18,599.00","220,800"
5-Jun-23,"18,612.00","18,640.15","18,582.80","18,593.85","256,100"
2-Jun-23,"18,550.85","18,573.70","18,478.40","18,534.10","270,900"
1-Jun-23,"18,579.40","18,580.30","18,464.55","18,487.75","265,600"
31-May-23,"18,594.20","18,603.90","18,483.85","18,534.40","696,500"
30-May-23,"18,606.65","18,662.45","18,575.50","18,633.85","234,400"
29-May-23,"18,619.15","18,641.20","18,581.25","18,598.65","265,300"
26-May-23,"18,368.35","18,508.55","18,333.15","18,499.35","198,700"
25-May-23,"18,268.90","18,338.10","18,202.40","18,321.15","235,900"
24-May-23,"18,294.80","18,392.60","18,262.95","18,285.40","232,600"
23-May-23,"18,362.90","18,419.75","18,324.20","18,348.00","270,400"
22-May-23,"18,201.10","18,335.25","18,178.85","18,314.40","262,600"
19-May-23,"18,186.15","18,218.10","18,060.40","18,203.40","260,900"
18-May-23,"18,287.50","18,297.20","18,104.85","18,129.95","272,100"
17-May-23,"18,300.45","18,309.00","18,115.35","18,181.75","229,900"
16-May-23,"18,432.35","18,432.35","18,264.35","18,286.50","219,500"
15-May-23,"18,339.30","18,458.90","18,287.90","18,398.85","216,100"
12-May-23,"18,273.75","18,342.75","18,194.55","18,314.80","241,700"
11-May-23,"18,357.80","18,389.70","18,270.40","18,297.00","248,900"
10-May-23,"18,313.60","18,326.75","18,211.95","18,315.10","220,500"
9-May-23,"18,303.40","18,344.20","18,229.65","18,265.95","245,400"
8-May-23,"18,120.60","18,286.95","18,100.30","18,264.40","228,400"
5-May-23,"18,117.30","18,216.95","18,055.45","18,069.00","239,700"
4-May-23,"18,081.00","18,267.45","18,066.70","18,255.80","226,600"
3-May-23,"18,113.80","18,116.35","18,042.40","18,089.85","226,200"
2-May-23,"18,124.80","18,180.25","18,101.75","18,147.65","265,200"
28-Apr-23,"17,950.40","18,089.15","17,885.30","18,065.00","290,300"
27-Apr-23,"17,813.10","17,931.60","17,797.90","17,915.05","241,400"
26-Apr-23,"17,767.30","17,827.75","17,711.20","17,813.60","233,000"
25-Apr-23,"17,761.55","17,807.45","17,716.85","17,769.25","297,400"
24-Apr-23,"17,707.55","17,754.50","17,612.50","17,743.40","255,700"
21-Apr-23,"17,639.75","17,663.20","17,553.95","17,624.05","230,200"
20-Apr-23,"17,638.60","17,684.45","17,584.35","17,624.45","215,100"
19-Apr-23,"17,653.35","17,666.15","17,579.85","17,618.75","281,500"
18-Apr-23,"17,766.60","17,766.60","17,610.20","17,660.15","258,900"
17-Apr-23,"17,863.00","17,863.00","17,574.05","17,706.85","357,400"
13-Apr-23,"17,807.30","17,842.15","17,729.65","17,828.00","285,800"
12-Apr-23,"17,759.55","17,825.75","17,717.25","17,812.40","232,800"
11-Apr-23,"17,704.80","17,748.75","17,655.15","17,722.30","304,300"
10-Apr-23,"17,634.90","17,694.10","17,597.95","17,624.05","254,800"
6-Apr-23,"17,533.85","17,638.70","17,502.85","17,599.15","242,700"
5-Apr-23,"17,422.30","17,570.55","17,402.70","17,557.05","248,300"
3-Apr-23,"17,427.95","17,428.05","17,312.75","17,398.05","230,200"
31-Mar-23,"17,210.35","17,381.60","17,204.65","17,359.75","263,900"
29-Mar-23,"16,977.30","17,126.15","16,940.60","17,080.70","345,900"
28-Mar-23,"17,031.75","17,061.75","16,913.75","16,951.70","238,800"
27-Mar-23,"16,984.30","17,091.00","16,918.55","16,985.70","218,400"
24-Mar-23,"17,076.20","17,109.45","16,917.35","16,945.05","228,000"
23-Mar-23,"17,097.40","17,205.40","17,045.30","17,076.90","219,200"
22-Mar-23,"17,177.45","17,207.25","17,107.85","17,151.90",-
21-Mar-23,"17,060.40","17,127.70","17,016.00","17,107.50","246,700"
20-Mar-23,"17,066.60","17,066.60","16,828.35","16,988.40","241,800"
17-Mar-23,"17,111.80","17,145.80","16,958.15","17,100.05","408,100"
16-Mar-23,"16,994.65","17,062.45","16,850.15","16,985.60","349,800"
15-Mar-23,"17,166.45","17,211.35","16,938.90","16,972.15","248,200"
14-Mar-23,"17,160.55","17,224.65","16,987.10","17,043.30","290,600"
13-Mar-23,"17,421.90","17,529.90","17,113.45","17,154.30","254,900"
10-Mar-23,"17,443.80","17,451.50","17,324.35","17,412.90","235,900"
9-Mar-23,"17,772.05","17,772.35","17,573.60","17,589.60","262,400"
8-Mar-23,"17,665.75","17,766.50","17,602.25","17,754.40","267,000"
6-Mar-23,"17,680.35","17,799.95","17,671.95","17,711.45","362,800"
3-Mar-23,"17,451.25","17,644.75","17,427.70","17,594.35","356,200"
2-Mar-23,"17,421.50","17,445.80","17,306.00","17,321.90","310,700"
1-Mar-23,"17,360.10","17,467.75","17,345.25","17,450.90","272,900"
28-Feb-23,"17,383.25","17,440.45","17,255.20","17,303.95","420,900"
27-Feb-23,"17,428.60","17,451.60","17,299.00","17,392.70","246,400"
24-Feb-23,"17,591.35","17,599.75","17,421.80","17,465.80","209,400"
23-Feb-23,"17,574.65","17,620.05","17,455.40","17,511.25","240,800"
22-Feb-23,"17,755.35","17,772.50","17,529.45","17,554.30","204,000"
21-Feb-23,"17,905.80","17,924.90","17,800.30","17,826.70","198,200"
20-Feb-23,"17,965.55","18,004.35","17,818.40","17,844.60","174,600"
17-Feb-23,"17,974.85","18,034.25","17,884.60","17,944.20","208,100"
16-Feb-23,"18,094.75","18,134.75","18,000.65","18,035.85","230,200"
15-Feb-23,"17,896.60","18,034.10","17,853.80","18,015.85","229,300"
14-Feb-23,"17,840.35","17,954.55","17,800.05","17,929.85","244,500"
13-Feb-23,"17,859.10","17,880.70","17,719.75","17,770.90","231,300"
10-Feb-23,"17,847.55","17,876.95","17,801.00","17,856.50","232,000"
9-Feb-23,"17,885.50","17,916.90","17,779.80","17,893.45","260,900"
8-Feb-23,"17,750.30","17,898.70","17,744.15","17,871.70","291,000"
7-Feb-23,"17,790.10","17,811.15","17,652.55","17,721.50","354,400"
6-Feb-23,"17,818.55","17,823.70","17,698.35","17,764.60","282,500"
3-Feb-23,"17,721.75","17,870.30","17,584.20","17,854.05","424,100"
2-Feb-23,"17,517.10","17,653.90","17,445.95","17,610.40","490,100"
1-Feb-23,"17,811.60","17,972.20","17,353.40","17,616.30","512,900"
31-Jan-23,"17,731.45","17,735.70","17,537.55","17,662.15","398,300"
30-Jan-23,"17,541.95","17,709.15","17,405.55","17,648.95","432,400"
27-Jan-23,"17,877.20","17,884.75","17,493.55","17,604.35","476,300"
25-Jan-23,"18,093.35","18,100.60","17,846.15","17,891.95","257,200"
24-Jan-23,"18,183.95","18,201.25","18,078.65","18,118.30","216,900"
23-Jan-23,"18,118.45","18,162.60","18,063.45","18,118.55","202,500"
20-Jan-23,"18,115.60","18,145.45","18,016.20","18,027.65","237,200"
19-Jan-23,"18,119.80","18,155.20","18,063.75","18,107.85","237,800"
18-Jan-23,"18,074.30","18,183.75","18,032.45","18,165.35","255,800"
17-Jan-23,"17,922.80","18,072.05","17,886.95","18,053.30","219,100"
16-Jan-23,"18,033.15","18,049.65","17,853.65","17,894.85","206,200"
13-Jan-23,"17,867.50","17,999.35","17,774.25","17,956.60","256,700"
12-Jan-23,"17,920.85","17,945.80","17,761.65","17,858.20","227,800"
11-Jan-23,"17,924.25","17,976.35","17,824.35","17,895.70","259,900"
10-Jan-23,"18,121.30","18,127.60","17,856.00","17,914.15","283,300"
9-Jan-23,"17,952.55","18,141.40","17,936.15","18,101.20","257,200"
6-Jan-23,"18,008.05","18,047.40","17,795.55","17,859.45","238,200"
5-Jan-23,"18,101.95","18,120.30","17,892.60","17,992.15","269,900"
4-Jan-23,"18,230.65","18,243.00","18,020.60","18,042.95","235,200"
3-Jan-23,"18,163.20","18,251.95","18,149.80","18,232.55","208,700"
2-Jan-23,"18,131.70","18,215.15","18,086.50","18,197.45","256,100"
30-Dec-22,"18,259.10","18,265.25","18,080.30","18,105.30","192,000"
29-Dec-22,"18,045.70","18,229.70","17,992.80","18,191.00","281,100"
28-Dec-22,"18,084.75","18,173.10","18,068.35","18,122.50","193,900"
27-Dec-22,"18,089.80","18,149.25","17,967.45","18,132.30","214,300"
26-Dec-22,"17,830.40","18,084.10","17,774.25","18,014.60","176,700"
23-Dec-22,"17,977.65","18,050.45","17,779.50","17,806.80","221,500"
22-Dec-22,"18,288.80","18,318.75","18,068.60","18,127.35","195,700"
21-Dec-22,"18,435.15","18,473.35","18,162.75","18,199.10","187,600"
20-Dec-22,"18,340.30","18,404.90","18,202.65","18,385.30","169,000"
19-Dec-22,"18,288.10","18,431.65","18,244.55","18,420.45","154,800"
16-Dec-22,"18,319.10","18,440.95","18,255.15","18,269.00","277,700"
15-Dec-22,"18,614.40","18,652.90","18,387.70","18,414.90","183,100"
14-Dec-22,"18,671.25","18,696.10","18,632.90","18,660.30","208,000"
13-Dec-22,"18,524.40","18,617.25","18,490.20","18,608.00","187,600"
12-Dec-22,"18,402.15","18,521.55","18,345.70","18,497.15","193,900"
9-Dec-22,"18,662.40","18,664.70","18,410.10","18,496.60","215,800"
8-Dec-22,"18,570.85","18,625.00","18,536.95","18,609.35","202,800"
7-Dec-22,"18,638.85","18,668.30","18,528.40","18,560.50","200,500"
6-Dec-22,"18,600.65","18,654.90","18,577.90","18,642.75","217,800"
5-Dec-22,"18,719.55","18,728.60","18,591.35","18,701.05","288,400"
2-Dec-22,"18,752.40","18,781.95","18,639.20","18,696.10","254,400"
1-Dec-22,"18,871.95","18,887.60","18,778.20","18,812.50","325,000"
30-Nov-22,"18,625.70","18,816.05","18,616.55","18,758.35","345,600"
29-Nov-22,"18,552.45","18,678.10","18,552.15","18,618.05","195,300"
28-Nov-22,"18,430.55","18,614.25","18,365.60","18,562.75","206,500"
25-Nov-22,"18,528.45","18,534.90","18,445.10","18,512.75","205,900"
24-Nov-22,"18,326.10","18,529.70","18,294.25","18,484.10","204,000"
23-Nov-22,"18,325.20","18,325.40","18,246.00","18,267.25","178,800"
22-Nov-22,"18,179.15","18,261.85","18,137.70","18,244.20","177,700"
21-Nov-22,"18,246.40","18,262.30","18,133.35","18,159.95","213,800"
18-Nov-22,"18,382.95","18,394.60","18,209.80","18,307.65","198,800"
17-Nov-22,"18,358.70","18,417.60","18,312.95","18,343.90","200,500"
16-Nov-22,"18,398.25","18,442.15","18,344.15","18,409.65","219,300"
15-Nov-22,"18,362.75","18,427.95","18,282.00","18,403.40","250,900"
14-Nov-22,"18,376.40","18,399.45","18,311.40","18,329.15","301,400"
11-Nov-22,"18,272.35","18,362.30","18,259.35","18,349.70","378,500"
10-Nov-22,"18,044.35","18,103.10","17,969.40","18,028.20","256,500"
9-Nov-22,"18,288.25","18,296.40","18,117.50","18,157.00","307,200"
7-Nov-22,"18,211.75","18,255.50","18,064.75","18,202.80","314,800"
4-Nov-22,"18,053.40","18,135.10","18,017.15","18,117.15","267,900"
3-Nov-22,"17,968.35","18,106.30","17,959.20","18,052.70","213,000"
2-Nov-22,"18,177.90","18,178.75","18,048.65","18,082.85","270,900"
1-Nov-22,"18,130.70","18,175.80","18,060.15","18,145.40","349,900"
31-Oct-22,"17,910.20","18,022.80","17,899.90","18,012.20","227,200"
28-Oct-22,"17,756.40","17,838.90","17,723.70","17,786.80","250,000"
27-Oct-22,"17,771.40","17,783.90","17,654.50","17,736.95","324,600"
25-Oct-22,"17,808.30","17,811.50","17,637.00","17,656.35","251,400"
24-Oct-22,"17,736.35","17,777.55","17,707.40","17,730.75","45,000"
21-Oct-22,"17,622.85","17,670.15","17,520.75","17,576.30","277,700"
20-Oct-22,"17,423.10","17,584.15","17,421.00","17,563.95","249,600"
19-Oct-22,"17,568.15","17,607.60","17,472.85","17,512.25","210,500"
18-Oct-22,"17,438.75","17,527.80","17,434.05","17,486.95","239,500"
17-Oct-22,"17,144.80","17,328.55","17,098.55","17,311.80","212,200"
14-Oct-22,"17,322.30","17,348.55","17,169.75","17,185.70","227,000"
13-Oct-22,"17,087.35","17,112.35","16,956.95","17,014.35","266,400"
12-Oct-22,"17,025.55","17,142.35","16,960.05","17,123.60","256,000"
11-Oct-22,"17,256.05","17,261.80","16,950.30","16,983.55","282,600"
10-Oct-22,"17,094.35","17,280.15","17,064.70","17,241.00","234,000"
7-Oct-22,"17,287.20","17,337.35","17,216.95","17,314.65","216,300"
6-Oct-22,"17,379.25","17,428.80","17,315.65","17,331.80","265,500"
4-Oct-22,"17,147.45","17,287.30","17,117.30","17,274.30","226,000"
3-Oct-22,"17,102.10","17,114.65","16,855.55","16,887.35","278,400"
30-Sep-22,"16,798.05","17,187.10","16,747.70","17,094.35","376,100"
29-Sep-22,"16,993.60","17,026.05","16,788.60","16,818.10","340,000"
28-Sep-22,"16,870.55","17,037.60","16,820.40","16,858.60","323,900"
27-Sep-22,"17,110.90","17,176.45","16,942.35","17,007.40","359,900"
26-Sep-22,"17,156.30","17,196.40","16,978.30","17,016.30","492,000"
23-Sep-22,"17,593.85","17,642.15","17,291.65","17,327.35","390,800"
22-Sep-22,"17,609.65","17,722.75","17,532.45","17,629.80","284,100"
21-Sep-22,"17,766.35","17,838.70","17,663.60","17,718.35","245,500"
20-Sep-22,"17,770.40","17,919.30","17,744.40","17,816.25","263,100"
19-Sep-22,"17,540.65","17,667.20","17,429.70","17,622.25","258,300"
16-Sep-22,"17,796.80","17,820.05","17,497.25","17,530.85","468,500"
15-Sep-22,"18,046.35","18,096.15","17,861.50","17,877.40","289,600"
14-Sep-22,"17,771.15","18,091.55","17,771.15","18,003.75","365,900"
13-Sep-22,"18,044.45","18,088.30","18,015.45","18,070.05","259,900"
12-Sep-22,"17,890.85","17,980.55","17,889.15","17,936.35","228,200"
9-Sep-22,"17,923.35","17,925.95","17,786.00","17,833.35","270,300"
8-Sep-22,"17,748.15","17,807.65","17,691.95","17,798.75","279,800"
7-Sep-22,"17,519.40","17,650.75","17,484.30","17,624.40","354,100"
6-Sep-22,"17,695.70","17,764.65","17,587.65","17,655.60","251,200"
5-Sep-22,"17,546.45","17,683.15","17,540.35","17,665.80","230,300"
2-Sep-22,"17,598.40","17,643.85","17,476.45","17,539.45","256,300"
1-Sep-22,"17,485.70","17,695.60","17,468.45","17,542.80","308,500"
30-Aug-22,"17,414.95","17,777.65","17,401.50","17,759.30","324,700"
29-Aug-22,"17,188.65","17,380.15","17,166.20","17,312.90","244,900"
26-Aug-22,"17,619.30","17,685.85","17,519.35","17,558.90","266,600"
25-Aug-22,"17,679.00","17,726.50","17,487.45","17,522.45","230,200"
24-Aug-22,"17,525.45","17,623.65","17,499.25","17,604.95","262,000"
23-Aug-22,"17,357.35","17,625.55","17,345.20","17,577.50","285,600"
22-Aug-22,"17,682.90","17,690.05","17,467.35","17,490.70","287,600"
19-Aug-22,"17,966.55","17,992.20","17,710.75","17,758.45","295,600"
18-Aug-22,"17,898.65","17,968.45","17,852.05","17,956.50","263,900"
17-Aug-22,"17,868.15","17,965.95","17,833.35","17,944.25","262,800"
16-Aug-22,"17,797.20","17,839.10","17,764.05","17,825.25",-
12-Aug-22,"17,659.65","17,724.65","17,597.85","17,698.15","303,900"
11-Aug-22,"17,711.65","17,719.30","17,631.95","17,659.00","311,200"
10-Aug-22,"17,566.10","17,566.10","17,442.80","17,534.75","312,700"
8-Aug-22,"17,401.50","17,548.80","17,359.75","17,525.10","257,000"
5-Aug-22,"17,423.65","17,474.40","17,348.75","17,397.50","355,300"
4-Aug-22,"17,463.10","17,490.70","17,161.25","17,382.00","325,000"
3-Aug-22,"17,349.25","17,407.50","17,225.85","17,388.15","285,400"
2-Aug-22,"17,310.15","17,390.15","17,215.85","17,345.45","333,600"
1-Aug-22,"17,243.20","17,356.25","17,154.80","17,340.05","381,500"
29-Jul-22,"17,079.50","17,172.80","17,018.15","17,158.25","436,100"
28-Jul-22,"16,774.85","16,947.65","16,746.25","16,929.60","376,300"
27-Jul-22,"16,475.35","16,653.45","16,438.75","16,641.80","185,200"
26-Jul-22,"16,632.90","16,636.10","16,463.30","16,483.85","208,200"
25-Jul-22,"16,662.55","16,706.05","16,564.25","16,631.00","211,400"
22-Jul-22,"16,661.25","16,752.25","16,610.90","16,719.45","190,900"
21-Jul-22,"16,523.55","16,626.95","16,483.90","16,605.25","243,600"
20-Jul-22,"16,562.80","16,588.00","16,490.95","16,520.85","284,400"
19-Jul-22,"16,187.05","16,359.50","16,187.05","16,340.55","222,600"
18-Jul-22,"16,151.40","16,287.95","16,142.20","16,278.50","227,700"
15-Jul-22,"16,010.80","16,066.95","15,927.30","16,049.20","205,800"
14-Jul-22,"16,018.85","16,070.85","15,858.20","15,938.65","228,600"
13-Jul-22,"16,128.20","16,140.00","15,950.15","15,966.65","233,300"
12-Jul-22,"16,126.20","16,158.75","16,031.15","16,058.30","208,600"
11-Jul-22,"16,136.15","16,248.55","16,115.50","16,216.00","255,900"
8-Jul-22,"16,273.65","16,275.50","16,157.90","16,220.60","281,100"
7-Jul-22,"16,113.75","16,150.50","16,045.95","16,132.90","264,600"
6-Jul-22,"15,818.20","16,011.35","15,800.90","15,989.80","288,400"
5-Jul-22,"15,909.15","16,025.75","15,785.45","15,810.85","254,200"
4-Jul-22,"15,710.50","15,852.35","15,661.80","15,835.35","304,300"
1-Jul-22,"15,703.70","15,793.95","15,511.05","15,752.05","364,100"
30-Jun-22,"15,774.50","15,890.00","15,728.85","15,780.25","306,000"
29-Jun-22,"15,701.70","15,861.60","15,687.80","15,799.10","444,900"
28-Jun-22,"15,757.45","15,892.10","15,710.15","15,850.20","251,900"
27-Jun-22,"15,926.20","15,927.45","15,815.50","15,832.05","210,900"
24-Jun-22,"15,657.40","15,749.25","15,619.45","15,699.25","219,600"
23-Jun-22,"15,451.55","15,628.45","15,367.50","15,556.65","259,200"
22-Jun-22,"15,545.65","15,565.40","15,385.95","15,413.30","220,900"
21-Jun-22,"15,455.95","15,707.25","15,419.85","15,638.80","262,800"
20-Jun-22,"15,334.50","15,382.50","15,191.10","15,350.15","260,000"
17-Jun-22,"15,272.65","15,400.40","15,183.40","15,293.50","342,600"
16-Jun-22,"15,832.25","15,863.15","15,335.10","15,360.60","264,700"
15-Jun-22,"15,729.25","15,783.65","15,678.90","15,692.15","183,000"
14-Jun-22,"15,674.25","15,858.00","15,659.45","15,732.10","225,400"
13-Jun-22,"15,877.55","15,886.15","15,684.00","15,774.40","225,500"
10-Jun-22,"16,283.95","16,324.70","16,172.60","16,201.80","189,700"
9-Jun-22,"16,263.85","16,492.80","16,243.85","16,478.10","205,000"
8-Jun-22,"16,474.95","16,514.30","16,293.35","16,356.25","243,500"
7-Jun-22,"16,469.60","16,487.25","16,347.10","16,416.35","233,800"
6-Jun-22,"16,530.70","16,610.95","16,444.55","16,569.55","233,600"
3-Jun-22,"16,761.65","16,793.85","16,567.90","16,584.30","245,500"
2-Jun-22,"16,481.65","16,646.40","16,443.05","16,628.00","236,000"
1-Jun-22,"16,594.40","16,649.20","16,438.85","16,522.75","249,600"
31-May-22,"16,578.45","16,690.75","16,521.90","16,584.55","651,600"
30-May-22,"16,527.90","16,695.50","16,506.15","16,661.40","251,400"
27-May-22,"16,296.60","16,370.60","16,221.95","16,352.45","274,100"
26-May-22,"16,105.00","16,204.45","15,903.70","16,170.15","314,300"
25-May-22,"16,196.35","16,223.35","16,006.95","16,025.80","243,300"
24-May-22,"16,225.55","16,262.80","16,078.60","16,125.15","249,800"
23-May-22,"16,290.95","16,414.70","16,185.75","16,214.70","293,800"
20-May-22,"16,043.80","16,283.05","16,003.85","16,266.15","252,400"
19-May-22,"15,917.40","15,984.75","15,775.20","15,809.40","313,900"
18-May-22,"16,318.15","16,399.80","16,211.20","16,240.30","290,400"
17-May-22,"15,912.60","16,284.25","15,900.80","16,259.30","295,700"
16-May-22,"15,845.10","15,977.95","15,739.65","15,842.30","217,600"
13-May-22,"15,977.00","16,083.60","15,740.85","15,782.15","369,100"
12-May-22,"16,021.10","16,041.95","15,735.75","15,808.00","314,900"
11-May-22,"16,270.05","16,318.75","15,992.60","16,167.10","284,300"
10-May-22,"16,248.90","16,404.55","16,197.30","16,240.05","283,100"
9-May-22,"16,227.70","16,403.70","16,142.10","16,301.85","288,400"
6-May-22,"16,415.55","16,484.20","16,340.90","16,411.25","300,500"
5-May-22,"16,854.75","16,945.70","16,651.85","16,682.65","265,800"
4-May-22,"17,096.60","17,132.85","16,623.95","16,677.60","310,600"
2-May-22,"16,924.45","17,092.25","16,917.25","17,069.10","278,200"
29-Apr-22,"17,329.25","17,377.65","17,053.25","17,102.55","336,200"
28-Apr-22,"17,189.50","17,322.50","17,071.05","17,245.05","312,900"
27-Apr-22,"17,073.35","17,110.70","16,958.45","17,038.40","265,100"
26-Apr-22,"17,121.30","17,223.85","17,064.45","17,200.80","261,100"
25-Apr-22,"17,009.05","17,054.30","16,888.70","16,953.95","275,700"
22-Apr-22,"17,242.75","17,315.30","17,149.20","17,171.95","262,700"
21-Apr-22,"17,234.60","17,414.70","17,215.50","17,392.60","285,200"
20-Apr-22,"17,045.25","17,186.90","16,978.95","17,136.55","286,100"
19-Apr-22,"17,258.95","17,275.65","16,824.70","16,958.65","401,400"
18-Apr-22,"17,183.45","17,237.75","17,067.85","17,173.65","376,100"
13-Apr-22,"17,599.90","17,663.65","17,457.40","17,475.65","245,100"
12-Apr-22,"17,584.85","17,595.30","17,442.35","17,530.30","266,000"
11-Apr-22,"17,740.90","17,779.05","17,650.95","17,674.95","251,700"
8-Apr-22,"17,698.15","17,842.75","17,600.55","17,784.35","274,400"
7-Apr-22,"17,723.30","17,787.50","17,623.70","17,639.55","308,800"
6-Apr-22,"17,842.75","17,901.00","17,779.85","17,807.65","328,800"
5-Apr-22,"18,080.60","18,095.45","17,921.55","17,957.40","283,500"
4-Apr-22,"17,809.10","18,114.65","17,791.40","18,053.40","345,500"
1-Apr-22,"17,436.90","17,703.70","17,422.70","17,670.45","291,800"
31-Mar-22,"17,519.20","17,559.80","17,435.20","17,464.75","281,100"
30-Mar-22,"17,468.15","17,522.50","17,387.20","17,498.25","505,000"
29-Mar-22,"17,297.20","17,343.65","17,235.70","17,325.30","235,100"
28-Mar-22,"17,181.85","17,235.10","17,003.90","17,222.00","253,200"
25-Mar-22,"17,289.00","17,294.90","17,076.55","17,153.00","237,100"
24-Mar-22,"17,094.95","17,291.75","17,091.15","17,222.75","290,300"
23-Mar-22,"17,405.05","17,442.40","17,199.60","17,245.65","292,100"
22-Mar-22,"17,120.40","17,334.40","17,006.30","17,315.50","338,300"
21-Mar-22,"17,329.50","17,353.35","17,096.40","17,117.60","285,500"
17-Mar-22,"17,202.90","17,344.60","17,175.75","17,287.05","448,300"
16-Mar-22,"16,876.65","16,987.90","16,837.85","16,975.35","260,000"
15-Mar-22,"16,900.65","16,927.75","16,555.00","16,663.00","381,600"
14-Mar-22,"16,633.70","16,887.95","16,606.50","16,871.30","314,700"
11-Mar-22,"16,528.80","16,694.40","16,470.90","16,630.45","343,700"
10-Mar-22,"16,757.10","16,757.30","16,447.90","16,594.90","486,400"
9-Mar-22,"16,078.00","16,418.05","15,990.00","16,345.35","462,200"
8-Mar-22,"15,747.75","16,028.75","15,671.45","16,013.45","543,600"
7-Mar-22,"15,867.95","15,944.60","15,711.45","15,863.15","585,400"
4-Mar-22,"16,339.45","16,456.00","16,133.80","16,245.35","456,100"
3-Mar-22,"16,723.20","16,768.95","16,442.95","16,498.05","442,100"
2-Mar-22,"16,593.10","16,678.50","16,478.65","16,605.95","517,700"
28-Feb-22,"16,481.60","16,815.90","16,356.30","16,793.90","404,200"
25-Feb-22,"16,515.65","16,748.80","16,478.30","16,658.40","329,800"
24-Feb-22,"16,548.90","16,705.25","16,203.25","16,247.95","458,000"
23-Feb-22,"17,194.50","17,220.70","17,027.85","17,063.25","200,200"
22-Feb-22,"16,847.95","17,148.55","16,843.80","17,092.20","300,100"
21-Feb-22,"17,192.25","17,351.05","17,070.70","17,206.65","215,200"
18-Feb-22,"17,236.05","17,380.80","17,219.20","17,276.30","189,600"
17-Feb-22,"17,396.55","17,442.90","17,235.85","17,304.60","232,100"
16-Feb-22,"17,408.45","17,490.60","17,257.70","17,322.20","244,500"
15-Feb-22,"16,933.25","17,375.00","16,839.25","17,352.45","298,700"
14-Feb-22,"17,076.15","17,099.50","16,809.65","16,842.80","305,500"
11-Feb-22,"17,451.00","17,454.75","17,303.00","17,374.75","253,100"
10-Feb-22,"17,554.10","17,639.45","17,427.15","17,605.85","273,600"
9-Feb-22,"17,370.10","17,477.15","17,339.00","17,463.80","236,400"
8-Feb-22,"17,279.85","17,306.45","17,043.65","17,266.75","268,500"
7-Feb-22,"17,456.30","17,536.75","17,119.40","17,213.60","265,000"
4-Feb-22,"17,590.20","17,617.80","17,462.55","17,516.30","261,400"
3-Feb-22,"17,767.75","17,781.15","17,511.15","17,560.20","226,600"
2-Feb-22,"17,706.20","17,794.60","17,674.80","17,780.00","271,200"
1-Feb-22,"17,529.45","17,622.40","17,244.55","17,576.85","386,400"
31-Jan-22,"17,301.05","17,410.00","17,264.15","17,339.85","321,700"
28-Jan-22,"17,208.30","17,373.50","17,077.10","17,101.95","355,300"
27-Jan-22,"17,062.00","17,182.50","16,866.75","17,110.15","395,600"
25-Jan-22,"17,001.55","17,309.15","16,836.80","17,277.95","326,500"
24-Jan-22,"17,575.15","17,599.40","16,997.85","17,149.10","323,800"
21-Jan-22,"17,613.70","17,707.60","17,485.85","17,617.15","277,600"
20-Jan-22,"17,921.00","17,943.70","17,648.45","17,757.00","258,100"
19-Jan-22,"18,129.20","18,129.20","17,884.90","17,938.40","276,700"
18-Jan-22,"18,337.20","18,350.95","18,085.90","18,113.05","227,500"
17-Jan-22,"18,235.65","18,321.55","18,228.75","18,308.10","266,700"
14-Jan-22,"18,185.00","18,286.95","18,119.65","18,255.75","229,500"
13-Jan-22,"18,257.00","18,272.25","18,163.80","18,257.80","303,700"
12-Jan-22,"18,170.40","18,227.95","18,128.80","18,212.35","245,000"
11-Jan-22,"17,997.75","18,081.25","17,964.40","18,055.75","220,200"
10-Jan-22,"17,913.30","18,017.45","17,879.15","18,003.30","232,400"
7-Jan-22,"17,797.60","17,905.00","17,704.55","17,812.70","239,300"
6-Jan-22,"17,768.50","17,797.95","17,655.55","17,745.90","236,500"
5-Jan-22,"17,820.10","17,944.70","17,748.85","17,925.25","251,500"
4-Jan-22,"17,681.40","17,827.60","17,593.55","17,805.25","247,400"
3-Jan-22,"17,387.15","17,646.65","17,383.30","17,625.70","200,500"
31-Dec-21,"17,244.50","17,400.80","17,238.50","17,354.05","167,000"
30-Dec-21,"17,201.45","17,264.05","17,146.35","17,203.95","320,800"
29-Dec-21,"17,220.10","17,285.95","17,176.65","17,213.60","161,700"
28-Dec-21,"17,177.60","17,250.25","17,161.15","17,233.25","176,000"
27-Dec-21,"16,937.75","17,112.05","16,833.20","17,086.25","144,800"
24-Dec-21,"17,149.50","17,155.60","16,909.60","17,003.75","182,600"
23-Dec-21,"17,066.80","17,118.65","17,015.55","17,072.60","197,000"
22-Dec-21,"16,865.55","16,971.00","16,819.50","16,955.45","207,900"
21-Dec-21,"16,773.15","16,936.40","16,688.25","16,770.85","241,000"
20-Dec-21,"16,824.25","16,840.10","16,410.20","16,614.20","330,600"
17-Dec-21,"17,276.00","17,298.15","16,966.45","16,985.20","354,600"
16-Dec-21,"17,373.00","17,379.35","17,184.95","17,248.40","219,500"
15-Dec-21,"17,323.65","17,351.20","17,192.20","17,221.40","215,000"
14-Dec-21,"17,283.20","17,376.20","17,225.80","17,324.90","271,000"
13-Dec-21,"17,619.10","17,639.50","17,355.95","17,368.25","256,600"
10-Dec-21,"17,476.05","17,534.35","17,405.25","17,511.30","204,500"
9-Dec-21,"17,524.40","17,543.25","17,379.60","17,516.85","237,200"
8-Dec-21,"17,315.25","17,484.60","17,308.95","17,469.75","257,800"
7-Dec-21,"17,044.10","17,251.65","16,987.75","17,176.70","254,100"
6-Dec-21,"17,209.05","17,216.75","16,891.70","16,912.25","231,700"
3-Dec-21,"17,424.90","17,489.80","17,180.80","17,196.70","292,500"
2-Dec-21,"17,183.20","17,420.35","17,149.30","17,401.65","279,900"
1-Dec-21,"17,104.40","17,213.05","17,064.25","17,166.90","295,500"
30-Nov-21,"17,051.15","17,324.65","16,931.40","16,983.20","498,000"
29-Nov-21,"17,055.80","17,160.70","16,782.40","17,053.95","348,900"
26-Nov-21,"17,338.75","17,355.40","16,985.70","17,026.45","356,300"
25-Nov-21,"17,417.30","17,564.35","17,351.70","17,536.25","255,900"
24-Nov-21,"17,550.05","17,600.60","17,354.00","17,415.05","298,100"
23-Nov-21,"17,281.75","17,553.70","17,216.10","17,503.35","308,800"
22-Nov-21,"17,796.25","17,805.25","17,280.45","17,416.55","356,400"
18-Nov-21,"17,890.55","17,945.60","17,688.50","17,764.80","278,400"
17-Nov-21,"17,939.35","18,022.65","17,879.25","17,898.65","295,700"
16-Nov-21,"18,127.05","18,132.65","17,958.80","17,999.20","267,400"
15-Nov-21,"18,140.95","18,210.15","18,071.30","18,109.45","280,400"
12-Nov-21,"17,977.60","18,123.00","17,905.90","18,102.75","249,100"
11-Nov-21,"17,967.45","17,971.35","17,798.20","17,873.60","232,100"
10-Nov-21,"17,973.45","18,061.25","17,915.00","18,017.20","261,400"
9-Nov-21,"18,084.35","18,112.60","17,983.05","18,044.25","270,200"
8-Nov-21,"18,040.20","18,087.80","17,836.10","18,068.55","338,900"
4-Nov-21,"17,935.05","17,947.55","17,900.60","17,916.80","48,500"
3-Nov-21,"17,947.95","17,988.75","17,757.95","17,829.20","331,000"
2-Nov-21,"17,970.90","18,012.25","17,847.60","17,888.95","296,400"
1-Nov-21,"17,783.15","17,954.10","17,697.10","17,929.65","281,200"
29-Oct-21,"17,833.05","17,915.85","17,613.10","17,671.65","336,500"
28-Oct-21,"18,187.65","18,190.70","17,799.45","17,857.25","374,200"
27-Oct-21,"18,295.85","18,342.05","18,167.90","18,210.95","335,200"
26-Oct-21,"18,154.50","18,310.45","18,099.30","18,268.40","341,400"
25-Oct-21,"18,229.50","18,241.40","17,968.50","18,125.40","418,700"
22-Oct-21,"18,230.70","18,314.25","18,034.35","18,114.90","324,700"
21-Oct-21,"18,382.70","18,384.20","18,048.00","18,178.10","365,900"
20-Oct-21,"18,439.90","18,458.30","18,209.35","18,266.60","371,300"
19-Oct-21,"18,602.35","18,604.45","18,377.70","18,418.75","368,200"
18-Oct-21,"18,500.10","18,543.15","18,445.30","18,477.05","469,900"
14-Oct-21,"18,272.85","18,350.75","18,248.70","18,338.55","538,700"
13-Oct-21,"18,097.85","18,197.80","18,050.75","18,161.75","506,700"
12-Oct-21,"17,915.80","18,008.65","17,864.95","17,991.95","355,600"
11-Oct-21,"17,867.55","18,041.95","17,839.10","17,945.95","375,800"
8-Oct-21,"17,886.85","17,941.85","17,840.35","17,895.20","324,100"
7-Oct-21,"17,810.55","17,857.55","17,763.80","17,790.35","419,900"
6-Oct-21,"17,861.50","17,884.60","17,613.15","17,646.00","395,800"
5-Oct-21,"17,661.35","17,833.45","17,640.90","17,822.30","427,000"
4-Oct-21,"17,615.55","17,750.90","17,581.35","17,691.25","295,800"
1-Oct-21,"17,531.90","17,557.15","17,452.90","17,532.05","305,800"
30-Sep-21,"17,718.90","17,742.15","17,585.35","17,618.15","378,600"
29-Sep-21,"17,657.95","17,781.75","17,608.15","17,711.30","562,200"
28-Sep-21,"17,906.45","17,912.85","17,576.10","17,748.60","398,000"
27-Sep-21,"17,932.20","17,943.50","17,802.90","17,855.10","295,700"
24-Sep-21,"17,897.45","17,947.65","17,819.40","17,853.20","360,100"
23-Sep-21,"17,670.85","17,843.90","17,646.55","17,822.95","320,500"
22-Sep-21,"17,580.90","17,610.45","17,524.00","17,546.65","295,200"
21-Sep-21,"17,450.50","17,578.35","17,326.10","17,562.00","363,600"
20-Sep-21,"17,443.85","17,622.75","17,361.80","17,396.90","339,100"
17-Sep-21,"17,709.65","17,792.95","17,537.65","17,585.15","508,300"
16-Sep-21,"17,539.20","17,644.60","17,510.45","17,629.50","503,300"
15-Sep-21,"17,387.65","17,532.70","17,386.90","17,519.45","388,200"
14-Sep-21,"17,420.35","17,438.55","17,367.05","17,380.00","230,400"
13-Sep-21,"17,363.55","17,378.35","17,269.15","17,355.30","241,100"
9-Sep-21,"17,312.85","17,379.65","17,302.70","17,369.25","241,500"
8-Sep-21,"17,375.75","17,383.40","17,254.20","17,353.50","252,700"
7-Sep-21,"17,401.55","17,436.50","17,287.00","17,362.10","243,400"
6-Sep-21,"17,399.35","17,429.55","17,345.55","17,377.80","228,000"
3-Sep-21,"17,262.45","17,340.10","17,212.20","17,323.60","261,400"
2-Sep-21,"17,095.40","17,245.50","17,059.70","17,234.15","242,400"
1-Sep-21,"17,185.60","17,225.75","17,055.05","17,076.25","301,900"
31-Aug-21,"16,947.50","17,153.50","16,915.85","17,132.20","464,400"
30-Aug-21,"16,775.85","16,951.50","16,764.85","16,931.05","283,500"
27-Aug-21,"16,642.55","16,722.05","16,565.60","16,705.20","217,400"
26-Aug-21,"16,627.95","16,683.70","16,603.40","16,636.90","253,500"
25-Aug-21,"16,654.00","16,712.45","16,617.50","16,634.65","265,900"
24-Aug-21,"16,561.40","16,647.10","16,495.30","16,624.60","275,400"
23-Aug-21,"16,592.25","16,592.50","16,395.70","16,496.45","275,600"
20-Aug-21,"16,382.50","16,509.55","16,376.05","16,450.50","350,800"
18-Aug-21,"16,691.95","16,701.85","16,535.85","16,568.85","251,800"
17-Aug-21,"16,545.25","16,628.55","16,495.40","16,614.60","297,400"
16-Aug-21,"16,518.40","16,589.40","16,480.75","16,563.05","254,000"
13-Aug-21,"16,385.70","16,543.60","16,376.30","16,529.10","321,900"
12-Aug-21,"16,303.65","16,375.50","16,286.90","16,364.40","280,200"
11-Aug-21,"16,327.30","16,338.75","16,162.55","16,282.25","277,900"
10-Aug-21,"16,274.80","16,359.25","16,202.25","16,280.10","288,000"
9-Aug-21,"16,281.35","16,320.75","16,179.05","16,258.25","240,500"
6-Aug-21,"16,304.40","16,336.75","16,223.30","16,238.20","320,100"
5-Aug-21,"16,288.95","16,349.45","16,210.30","16,294.60","418,200"
4-Aug-21,"16,195.25","16,290.20","16,176.15","16,258.80","427,300"
3-Aug-21,"15,951.55","16,146.90","15,914.35","16,130.75","341,300"
2-Aug-21,"15,874.90","15,892.90","15,834.65","15,885.15","244,800"
30-Jul-21,"15,800.60","15,862.80","15,744.85","15,763.05","400,000"
29-Jul-21,"15,762.70","15,817.35","15,737.80","15,778.45","401,600"
28-Jul-21,"15,761.55","15,767.50","15,513.45","15,709.40","318,600"
27-Jul-21,"15,860.50","15,881.55","15,701.00","15,746.45","311,000"
26-Jul-21,"15,849.30","15,893.35","15,797.00","15,824.45","267,100"
23-Jul-21,"15,856.80","15,899.80","15,768.40","15,856.05","294,100"
22-Jul-21,"15,736.60","15,834.80","15,726.40","15,824.05","265,300"
20-Jul-21,"15,703.95","15,728.45","15,578.55","15,632.10","274,300"
19-Jul-21,"15,754.50","15,836.90","15,707.50","15,752.40","242,100"
16-Jul-21,"15,958.35","15,962.25","15,882.60","15,923.40","276,300"
15-Jul-21,"15,872.15","15,952.35","15,855.00","15,924.20","284,900"
14-Jul-21,"15,808.70","15,877.35","15,764.20","15,853.95",-
13-Jul-21,"15,794.00","15,820.80","15,744.60","15,812.35","246,700"
12-Jul-21,"15,766.80","15,789.20","15,644.75","15,692.60","216,300"
9-Jul-21,"15,688.25","15,730.85","15,632.75","15,689.80","243,200"
8-Jul-21,"15,855.40","15,885.75","15,682.90","15,727.90","307,900"
7-Jul-21,"15,819.60","15,893.55","15,779.70","15,879.65","329,300"
6-Jul-21,"15,813.75","15,914.20","15,801.00","15,818.25","391,400"
5-Jul-21,"15,793.40","15,845.95","15,762.05","15,834.35","207,000"
2-Jul-21,"15,705.85","15,738.35","15,635.95","15,722.20","254,800"
1-Jul-21,"15,755.05","15,755.55","15,667.05","15,680.00","224,900"
30-Jun-21,"15,776.90","15,839.10","15,708.75","15,721.50","262,400"
29-Jun-21,"15,807.50","15,835.90","15,724.05","15,748.45","360,300"
28-Jun-21,"15,915.35","15,915.65","15,792.15","15,814.70","255,100"
25-Jun-21,"15,839.35","15,870.80","15,772.30","15,860.35","314,600"
24-Jun-21,"15,737.30","15,821.40","15,702.70","15,790.45","316,700"
23-Jun-21,"15,862.80","15,862.95","15,673.95","15,686.95","287,500"
22-Jun-21,"15,840.50","15,895.75","15,752.10","15,772.75","322,200"
21-Jun-21,"15,525.85","15,765.15","15,505.65","15,746.50","351,500"
18-Jun-21,"15,756.50","15,761.50","15,450.90","15,683.35","640,800"
17-Jun-21,"15,648.30","15,769.35","15,616.75","15,691.40","357,600"
16-Jun-21,"15,847.50","15,880.85","15,742.60","15,767.55","340,200"
15-Jun-21,"15,866.95","15,901.60","15,842.40","15,869.25","323,300"
14-Jun-21,"15,791.40","15,823.05","15,606.50","15,811.85","392,900"
11-Jun-21,"15,796.45","15,835.55","15,749.80","15,799.35","363,000"
10-Jun-21,"15,692.10","15,751.25","15,648.50","15,737.75","298,300"
9-Jun-21,"15,766.30","15,800.45","15,566.90","15,635.35","457,900"
8-Jun-21,"15,773.90","15,778.80","15,680.00","15,740.10","378,200"
7-Jun-21,"15,725.10","15,773.45","15,678.10","15,751.65","394,000"
4-Jun-21,"15,712.50","15,733.60","15,622.35","15,670.25","414,200"
3-Jun-21,"15,655.55","15,705.10","15,611.00","15,690.35","410,200"
2-Jun-21,"15,520.35","15,597.45","15,459.85","15,576.20","428,600"
1-Jun-21,"15,629.65","15,660.75","15,528.30","15,574.85","409,600"
31-May-21,"15,437.75","15,606.35","15,374.00","15,582.80","436,000"
28-May-21,"15,421.20","15,469.65","15,394.75","15,435.65","468,100"
27-May-21,"15,323.95","15,384.55","15,272.50","15,337.85",-
26-May-21,"15,257.05","15,319.90","15,194.95","15,301.45","384,000"
25-May-21,"15,291.75","15,293.85","15,163.40","15,208.45","441,500"
24-May-21,"15,211.35","15,256.25","15,145.45","15,197.70","579,800"
21-May-21,"14,987.80","15,190.00","14,985.85","15,175.30","572,900"
20-May-21,"15,042.60","15,069.80","14,884.90","14,906.05","480,300"
19-May-21,"15,058.60","15,133.40","15,008.85","15,030.15","569,100"
18-May-21,"15,067.20","15,137.25","15,043.70","15,108.10","583,900"
17-May-21,"14,756.25","14,938.00","14,725.35","14,923.15","546,400"
14-May-21,"14,749.40","14,749.65","14,591.90","14,677.80","620,700"
12-May-21,"14,823.55","14,824.05","14,649.70","14,696.50","643,800"
11-May-21,"14,789.70","14,900.00","14,771.40","14,850.75","647,400"
10-May-21,"14,928.25","14,966.90","14,892.50","14,942.35","522,000"
7-May-21,"14,816.85","14,863.05","14,765.50","14,823.15","488,000"
6-May-21,"14,668.35","14,743.90","14,611.50","14,724.80","467,800"
5-May-21,"14,604.15","14,637.90","14,506.60","14,617.85","455,900"
4-May-21,"14,687.25","14,723.40","14,461.50","14,496.50","503,400"
3-May-21,"14,481.05","14,673.85","14,416.25","14,634.15","448,900"
30-Apr-21,"14,747.35","14,855.45","14,601.70","14,631.10","613,900"
29-Apr-21,"14,979.00","15,044.35","14,814.45","14,894.90","517,500"
28-Apr-21,"14,710.50","14,890.25","14,694.95","14,864.55","457,000"
27-Apr-21,"14,493.80","14,667.55","14,484.85","14,653.05","451,800"
26-Apr-21,"14,449.45","14,557.50","14,421.30","14,485.00","452,700"
23-Apr-21,"14,326.35","14,461.15","14,273.30","14,341.35","498,100"
22-Apr-21,"14,219.15","14,424.75","14,151.40","14,406.15","524,600"
20-Apr-21,"14,526.70","14,526.95","14,207.30","14,296.40","467,400"
19-Apr-21,"14,306.60","14,382.30","14,191.40","14,359.45","512,300"
16-Apr-21,"14,599.60","14,697.70","14,559.00","14,617.85","577,200"
15-Apr-21,"14,522.40","14,597.55","14,353.20","14,581.45","568,000"
13-Apr-21,"14,364.90","14,528.90","14,274.90","14,504.80","605,100"
12-Apr-21,"14,644.65","14,652.50","14,248.70","14,310.80","650,200"
9-Apr-21,"14,882.65","14,918.45","14,785.65","14,834.85","504,100"
8-Apr-21,"14,875.65","14,984.15","14,821.10","14,873.80","514,800"
7-Apr-21,"14,716.45","14,879.80","14,649.85","14,819.05",-
6-Apr-21,"14,737.00","14,779.10","14,573.90","14,683.50","475,300"
5-Apr-21,"14,837.70","14,849.85","14,459.50","14,637.80","509,700"
1-Apr-21,"14,798.40","14,883.20","14,692.45","14,867.35","445,000"
31-Mar-21,"14,811.85","14,813.75","14,670.25","14,690.70","463,900"
30-Mar-21,"14,628.50","14,876.30","14,617.60","14,845.10","594,500"
26-Mar-21,"14,506.30","14,572.90","14,414.25","14,507.30","481,000"
25-Mar-21,"14,570.90","14,575.60","14,264.40","14,324.90","606,800"
24-Mar-21,"14,712.45","14,752.35","14,535.00","14,549.40","456,400"
23-Mar-21,"14,768.55","14,878.60","14,707.00","14,814.75","474,200"
22-Mar-21,"14,736.30","14,763.90","14,597.85","14,736.40","459,000"
19-Mar-21,"14,471.15","14,788.25","14,350.10","14,744.00","919,200"
18-Mar-21,"14,855.50","14,875.20","14,478.60","14,557.85","542,200"
17-Mar-21,"14,946.55","14,956.55","14,696.05","14,721.30",100
16-Mar-21,"14,996.10","15,051.60","14,890.65","14,910.45",100
15-Mar-21,"15,048.40","15,048.40","14,745.85","14,929.50","467,500"
12-Mar-21,"15,321.15","15,336.30","14,953.60","15,030.95","493,200"
10-Mar-21,"15,202.15","15,218.45","15,100.85","15,174.80","404,600"
9-Mar-21,"15,049.90","15,126.85","14,925.45","15,098.40","675,300"
8-Mar-21,"15,002.45","15,111.15","14,919.90","14,956.20",-
5-Mar-21,"14,977.95","15,092.35","14,862.10","14,938.10","640,700"
4-Mar-21,"15,026.75","15,202.35","14,980.20","15,080.75","534,900"
3-Mar-21,"15,064.40","15,273.15","14,995.80","15,245.60","544,200"
2-Mar-21,"14,865.30","14,959.10","14,760.80","14,919.10","621,700"
1-Mar-21,"14,702.50","14,806.80","14,638.55","14,761.55","507,300"
26-Feb-21,"14,888.60","14,919.45","14,467.75","14,529.15","1,103,600"
25-Feb-21,"15,079.85","15,176.50","15,065.35","15,097.35","803,900"
24-Feb-21,"14,729.15","15,008.80","14,504.50","14,982.00","403,800"
23-Feb-21,"14,782.25","14,854.50","14,651.85","14,707.80","744,100"
22-Feb-21,"14,999.05","15,010.10","14,635.05","14,675.70","609,900"
19-Feb-21,"15,074.80","15,144.05","14,898.20","14,981.75","712,200"
18-Feb-21,"15,238.70","15,250.75","15,078.05","15,118.95","770,600"
17-Feb-21,"15,279.90","15,314.30","15,170.75","15,208.90","504,800"
16-Feb-21,"15,371.45","15,431.75","15,242.20","15,313.45","648,500"
15-Feb-21,"15,270.30","15,340.15","15,243.40","15,314.70","456,000"
12-Feb-21,"15,186.20","15,243.50","15,081.00","15,163.30","571,800"
11-Feb-21,"15,073.25","15,188.50","15,065.40","15,173.30","500,100"
10-Feb-21,"15,119.05","15,168.25","14,977.20","15,106.50","624,800"
9-Feb-21,"15,164.15","15,257.10","15,064.30","15,109.30","713,300"
8-Feb-21,"15,064.30","15,159.90","15,041.05","15,115.80","671,200"
5-Feb-21,"14,952.60","15,014.65","14,864.75","14,924.25","935,600"
4-Feb-21,"14,789.05","14,913.70","14,714.75","14,895.65","884,700"
3-Feb-21,"14,754.90","14,868.85","14,574.15","14,789.95","869,500"
2-Feb-21,"14,481.10","14,731.70","14,469.15","14,647.85","915,000"
1-Feb-21,"13,758.60","14,336.35","13,661.75","14,281.20","870,500"
29-Jan-21,"13,946.60","13,966.85","13,596.75","13,634.60","753,200"
28-Jan-21,"13,810.40","13,898.25","13,713.25","13,817.55","637,900"
27-Jan-21,"14,237.95","14,237.95","13,929.30","13,967.50","660,700"
25-Jan-21,"14,477.80","14,491.10","14,218.60","14,238.90","618,600"
22-Jan-21,"14,583.40","14,619.90","14,357.75","14,371.90","776,800"
21-Jan-21,"14,730.95","14,753.55","14,517.25","14,590.35","704,600"
20-Jan-21,"14,538.30","14,666.45","14,517.55","14,644.70","623,100"
19-Jan-21,"14,371.65","14,546.05","14,350.85","14,521.15","546,100"
18-Jan-21,"14,453.30","14,459.15","14,222.80","14,281.30","762,000"
15-Jan-21,"14,594.35","14,617.45","14,357.85","14,433.70","789,600"
14-Jan-21,"14,550.05","14,617.80","14,471.50","14,595.60","620,200"
13-Jan-21,"14,639.80","14,653.35","14,435.70","14,564.85","874,000"
12-Jan-21,"14,473.80","14,590.65","14,432.85","14,563.45","929,600"
11-Jan-21,"14,474.05","14,498.20","14,383.10","14,484.75","672,900"
8-Jan-21,"14,258.40","14,367.30","14,221.65","14,347.25","613,500"
7-Jan-21,"14,253.75","14,256.25","14,123.10","14,137.35","559,200"
6-Jan-21,"14,240.95","14,244.15","14,039.90","14,146.25","632,300"
5-Jan-21,"14,075.15","14,215.60","14,048.15","14,199.50","492,500"
4-Jan-21,"14,104.35","14,147.95","13,953.75","14,132.90","495,000"
1-Jan-21,"13,996.10","14,049.85","13,991.35","14,018.50","358,100"
31-Dec-20,"13,970.00","14,024.85","13,936.45","13,981.75","452,400"
30-Dec-20,"13,980.90","13,997.00","13,864.95","13,981.95","380,700"
29-Dec-20,"13,910.35","13,967.60","13,859.90","13,932.60","439,600"
28-Dec-20,"13,815.15","13,885.30","13,811.55","13,873.20","403,600"
24-Dec-20,"13,672.15","13,771.75","13,626.90","13,749.25","471,400"
23-Dec-20,"13,473.50","13,619.45","13,432.20","13,601.10","458,700"
22-Dec-20,"13,373.65","13,492.05","13,192.90","13,466.30","696,200"
21-Dec-20,"13,741.90","13,777.50","13,131.45","13,328.40","687,300"
18-Dec-20,"13,764.40","13,772.85","13,658.60","13,760.55","519,400"
17-Dec-20,"13,713.55","13,773.25","13,673.55","13,740.70","416,000"
16-Dec-20,"13,663.10","13,692.35","13,606.45","13,682.70","462,200"
15-Dec-20,"13,547.20","13,589.65","13,447.05","13,567.85","497,600"
14-Dec-20,"13,571.45","13,597.50","13,472.45","13,558.15","558,400"
11-Dec-20,"13,512.30","13,579.35","13,402.85","13,513.85","787,700"
10-Dec-20,"13,488.50","13,503.55","13,399.30","13,478.30","553,400"
9-Dec-20,"13,458.10","13,548.90","13,449.60","13,529.10","502,600"
8-Dec-20,"13,393.85","13,435.45","13,311.05","13,392.95","543,200"
7-Dec-20,"13,264.85","13,366.65","13,241.95","13,355.75","591,700"
4-Dec-20,"13,177.40","13,280.05","13,152.85","13,258.55","640,500"
3-Dec-20,"13,215.30","13,216.60","13,107.90","13,133.90","713,700"
2-Dec-20,"13,121.40","13,128.50","12,983.55","13,113.75","717,700"
1-Dec-20,"13,062.20","13,128.40","12,962.80","13,109.05","583,600"
27-Nov-20,"13,012.05","13,035.30","12,914.30","12,968.95","1,162,400"
26-Nov-20,"12,906.45","13,018.00","12,790.40","12,987.00","549,800"
25-Nov-20,"13,130.00","13,145.85","12,833.65","12,858.40","679,000"
24-Nov-20,"13,002.60","13,079.10","12,978.00","13,055.15","571,900"
